Date,Weekday,,Operations,Hall A,Hall A,Hall B,Hall B,Hall C,Hall C,Hall D,Hall D,Priority,Pass,Notes
,,(GeV/pass),Status,Experiment,GeV/mA/Pol/MHz,Experiment,GeV/nA/Pol/MHz,Experiment,GeV/mA/Pol/MHz,Experiment,GeV/nA/Pol/MHz,Hall,A/B/C/D,
6/1/2022,Wednesday,2.1,Restore,Install,,,,,,,,,,
6/2/2022,Thursday,2.1,Restore,Install,,,,,,,,,,
6/3/2022,Friday,2.1,Restore,Install,,,,Lockup,,,,,,
6/4/2022,Saturday,2.1,Restore,Install,,,,High Current Tests,,,,,,
6/5/2022,Sunday,2.1,Restore,Install,,,,High Current Tests,,,,,,
6/6/2022,Monday,2.1,Restore,Install,,,,High Current Tests,,,,,,
6/7/2022,Tuesday,2.1,Restore,Install,,,,High Current Tests,,,,,,
6/8/2022,Wednesday,2.1,Physics,Install,,Run Group C,2.2/200/p/500,E12-19-006,10.5/80/-/250,E12-13-008/A,11.7/60/-/250,B/C/D,-/1/5/5.5,
6/9/2022,Thursday,2.1,Physics,Install,,Run Group C,2.2/200/p/500,E12-19-006,10.5/80/-/250,E12-13-008/A,11.7/60/-/250,B/C/D,-/1/5/5.5,
6/10/2022,Friday,2.1,Physics,Install,,Run Group C,2.2/200/p/500,E12-19-006,10.5/80/-/250,E12-13-008/A,11.7/60/-/250,B/C/D,-/1/5/5.5,
6/11/2022,Saturday,2.1,Physics,Install,,Run Group C,2.2/200/p/500,E12-19-006,10.5/80/-/250,E12-13-008/A,11.7/60/-/250,C/D/B,-/1/5/5.5,
6/12/2022,Sunday,2.1,Physics,Install,,Run Group C,2.2/200/p/500,E12-19-006,10.5/80/-/250,E12-13-008/A,11.7/60/-/250,C/D/B,-/1/5/5.5,
6/13/2022,Monday,2.1,Physics,Install,,Pass change,,E12-19-006,10.5/80/-/250,E12-13-008/A,11.7/60/-/250,C/D/B,-/5/5/5.5,
6/14/2022,Tuesday,2.1,Physics,Install,,Run Group C/FT_ON,10.5/200/p/250,E12-19-006,10.5/80/-/250,E12-13-008/A,11.7/60/-/250,D/B/C,-/5/5/5.5,
6/15/2022,Wednesday,2.1,Physics,Install,,Run Group C/FT_ON,10.5/200/p/250,E12-19-006,10.5/80/-/250,E12-13-008/A,11.7/60/-/250,D/B/C,-/5/5/5.5,
6/16/2022,Thursday,2.1,Physics,Install,,Run Group C/FT_ON,10.5/200/p/250,E12-19-006,10.5/80/-/250,E12-13-008/A,11.7/60/-/250,D/B/C,-/5/5/5.5,
6/17/2022,Friday,2.1,Physics,Install,,Run Group C/FT_ON,10.5/200/p/250,E12-19-006,10.5/80/-/250,E12-13-008/A,11.7/60/-/250,B/C/D,-/5/5/5.5,
6/18/2022,Saturday,2.1,Physics,Install,,Run Group C/FT_ON,10.5/200/p/250,E12-19-006,10.5/80/-/250,E12-13-008/A,11.7/60/-/250,B/C/D,-/5/5/5.5,
6/19/2022,Sunday,2.1,Physics,Install,,Run Group C/FT_ON,10.5/200/p/250,E12-19-006,10.5/80/-/250,E12-13-008/A,11.7/60/-/250,B/C/D,-/5/5/5.5,
6/20/2022,Monday,2.1,Physics,Install,,Run Group C/FT_ON,10.5/200/p/250,E12-19-006,10.5/80/-/250,E12-13-008/A,11.7/60/-/250,B/C/D,-/5/5/5.5,
6/21/2022,Tuesday,2.1,Physics,Install,,Run Group C/FT_ON,10.5/200/p/250,E12-19-006,10.5/80/-/250,E12-13-008/A,11.7/60/-/250,B/C/D,-/5/5/5.5,
6/22/2022,Wednesday,2.1,Physics,Install,,Run Group C/FT_ON,10.5/200/p/250,E12-19-006,10.5/80/-/250,E12-13-008/A,11.7/60/-/250,C/D/B,-/5/5/5.5,
6/23/2022,Thursday,2.1,Physics,Install,,Run Group C/FT_ON,10.5/200/p/250,E12-19-006,10.5/80/-/250,E12-13-008/A,11.7/60/-/250,C/D/B,-/5/5/5.5,
6/24/2022,Friday,2.1,Physics,Install,,Run Group C/FT_ON,10.5/200/p/250,E12-19-006,10.5/80/-/250,E12-13-008/A,11.7/60/-/250,C/D/B,-/5/5/5.5,
6/25/2022,Saturday,2.1,Physics,Install,,Run Group C/FT_ON,10.5/200/p/250,E12-19-006,10.5/80/-/250,E12-13-008/A,11.7/60/-/250,C/D/B,-/5/5/5.5,
6/26/2022,Sunday,2.1,Physics,Install,,Run Group C/FT_ON,10.5/200/p/250,E12-19-006,10.5/80/-/250,E12-13-008/A,11.7/60/-/250,C/D/B,-/5/5/5.5,
6/27/2022,Monday,2.1,Physics,Install,,Run Group C/FT_ON,10.5/200/p/250,E12-19-006,10.5/80/-/250,E12-13-008/A,11.7/60/-/250,D/B/C,-/5/5/5.5,
6/28/2022,Tuesday,2.1,Physics,Install,,Run Group C/FT_ON,10.5/200/p/250,E12-19-006,10.5/80/-/250,E12-13-008/A,11.7/60/-/250,D/B/C,-/5/5/5.5,
6/29/2022,Wednesday,2.1,Physics,Install,,Run Group C/FT_ON,10.5/200/p/250,E12-19-006,10.5/80/-/250,E12-13-008/A,11.7/60/-/250,D/B/C,-/5/5/5.5,
6/30/2022,Thursday,2.1,Physics,Install,,Run Group C/FT_ON,10.5/200/p/250,E12-19-006,10.5/80/-/250,E12-13-008/A,11.7/60/-/250,D/B/C,-/5/5/5.5,
7/1/2022,Friday,2.1,Physics,Install,,Run Group C/FT_ON,10.5/200/p/250,E12-19-006,10.5/80/-/250,E12-13-008/A,11.7/60/-/250,D/B/C,-/5/5/5.5,
7/2/2022,Saturday,2.1,Physics,Install,,Run Group C/FT_ON,10.5/200/p/250,E12-19-006,10.5/80/-/250,E12-13-008/A,11.7/60/-/250,B/C/D,-/5/5/5.5,
7/3/2022,Sunday,2.1,Physics,Install,,Run Group C/FT_ON,10.5/200/p/250,E12-19-006,10.5/80/-/250,E12-13-008/A,11.7/60/-/250,B/C/D,-/5/5/5.5,
7/4/2022,Monday,2.1,Physics,Install,,Run Group C/FT_ON,10.5/200/p/250,E12-19-006,10.5/80/-/250,E12-13-008/A,11.7/60/-/250,B/C/D,-/5/5/5.5,
7/5/2022,Tuesday,2.1,Physics,Install,,Run Group C/FT_ON,10.5/200/p/250,E12-19-006,10.5/80/-/250,E12-13-008/A,11.7/60/-/250,B/C/D,-/5/5/5.5,
7/6/2022,Wednesday,2.1,Physics,Install,,Run Group C/FT_ON,10.5/200/p/250,E12-19-006,10.5/80/-/250,E12-13-008/A,11.7/60/-/250,B/C/D,-/5/5/5.5,
7/7/2022,Thursday,2.1,Physics,Install,,Run Group C/FT_ON,10.5/200/p/250,E12-19-006,10.5/80/-/250,E12-13-008/A,11.7/60/-/250,B/C/D,-/5/5/5.5,
7/8/2022,Friday,2.1,Physics,Install,,Run Group C/FT_ON,10.5/200/p/250,E12-19-006,10.5/80/-/250,E12-13-008/A,11.7/60/-/250,C/D/B,-/5/5/5.5,
7/9/2022,Saturday,2.1,Physics,Install,,Run Group C/FT_ON,10.5/200/p/250,E12-19-006,10.5/80/-/250,E12-13-008/A,11.7/60/-/250,C/D/B,-/5/5/5.5,
7/10/2022,Sunday,2.1,Physics,Install,,Run Group C/FT_ON,10.5/200/p/250,E12-19-006,10.5/80/-/250,E12-13-008/A,11.7/60/-/250,C/D/B,-/5/5/5.5,
7/11/2022,Monday,2.1,Physics,Install,,Run Group C/FT_ON,10.5/200/p/250,E12-19-006,10.5/80/-/250,E12-13-008/A,11.7/60/-/250,C/D/B,-/5/5/5.5,
7/12/2022,Tuesday,2.1,Physics,Install,,Run Group C/FT_ON,10.5/200/p/250,E12-19-006,10.5/80/-/250,E12-13-008/A,11.7/60/-/250,C/D/B,-/5/5/5.5,
7/13/2022,Wednesday,2.1,Physics,Install,,Run Group C/FT_ON,10.5/200/p/250,E12-19-006,10.5/80/-/250,E12-13-008/A,11.7/60/-/250,C/D/B,-/5/5/5.5,
7/14/2022,Thursday,2.1,Physics,Install,,Run Group C/FT_ON,10.5/200/p/250,E12-19-006,10.5/80/-/250,E12-13-008/A,11.7/60/-/250,C/D/B,-/5/5/5.5,
7/15/2022,Friday,2.1,Physics,Install,,Run Group C/FT_ON,10.5/200/p/250,E12-19-006,10.5/80/-/250,E12-13-008/A,11.7/60/-/250,C/D/B,-/5/5/5.5,
7/16/2022,Saturday,2.1,Physics,Install,,Run Group C/FT_ON,10.5/200/p/250,E12-19-006,10.5/80/-/250,E12-13-008/A,11.7/60/-/250,C/D/B,-/5/5/5.5,
7/17/2022,Sunday,2.1,Physics,Install,,Run Group C/FT_ON,10.5/200/p/250,E12-19-006,10.5/80/-/250,E12-13-008/A,11.7/60/-/250,C/D/B,-/5/5/5.5,
7/18/2022,Monday,2.1,Physics,Install,,Run Group C/FT_ON,10.5/200/p/250,E12-19-006,10.5/80/-/250,E12-13-008/A,11.7/60/-/250,C/D/B,-/5/5/5.5,
7/19/2022,Tuesday,2.1,Physics,Install,,Run Group C/FT_ON,10.5/200/p/250,E12-19-006,10.5/80/-/250,E12-13-008/A,11.7/60/-/250,C/D/B,-/5/5/5.5,Today
7/20/2022,Wednesday,2.1,Physics,Install,,Run Group C/FT_ON,10.5/200/p/250,E12-19-006,10.5/80/-/250,E12-13-008/A,11.7/60/-/250,C/D/B,-/5/5/5.5,
7/21/2022,Thursday,2.1,Physics,Install,,Run Group C/FT_ON,10.5/200/p/250,E12-19-006,10.5/80/-/250,E12-13-008/A,11.7/60/-/250,C/D/B,-/5/5/5.5,
7/22/2022,Friday,2.1,Physics,Install,,Run Group C/FT_ON,10.5/200/p/250,E12-19-006,10.5/80/-/250,E12-13-008/A,11.7/60/-/250,D/B/C,-/5/5/5.5,
7/23/2022,Saturday,2.1,Physics,Install,,Run Group C/FT_ON,10.5/200/p/250,E12-19-006,10.5/80/-/250,E12-13-008/A,11.7/60/-/250,D/B/C,-/5/5/5.5,
7/24/2022,Sunday,2.1,Physics,Install,,Run Group C/FT_ON,10.5/200/p/250,E12-19-006,10.5/80/-/250,E12-13-008/A,11.7/60/-/250,D/B/C,-/5/5/5.5,
7/25/2022,Monday,2.1,Physics,Install,,Run Group C/FT_ON,10.5/200/p/250,E12-19-006,10.5/80/-/250,E12-13-008/A,11.7/60/-/250,D/B/C,-/5/5/5.5,
7/26/2022,Tuesday,2.1,Physics,Install,,Run Group C/FT_ON,10.5/200/p/250,E12-19-006,10.5/80/-/250,E12-13-008/A,11.7/60/-/250,D/B/C,-/5/5/5.5,
7/27/2022,Wednesday,2.1,Physics,Install,,Run Group C/FT_ON,10.5/200/p/250,E12-19-006,10.5/80/-/250,E12-13-008/A,11.7/60/-/250,D/B/C,-/5/5/5.5,
7/28/2022,Thursday,2.1,Physics,Install,,Run Group C/FT_ON,10.5/200/p/250,E12-19-006,10.5/80/-/250,E12-13-008/A,11.7/60/-/250,B/C/D,-/5/5/5.5,
7/29/2022,Friday,2.1,Physics,Install,,Run Group C/FT_ON,10.5/200/p/250,E12-19-006,10.5/80/-/250,E12-13-008/A,11.7/60/-/250,B/C/D,-/5/5/5.5,
7/30/2022,Saturday,2.1,Physics,Install,,Run Group C/FT_ON,10.5/200/p/250,E12-19-006,10.5/80/-/250,E12-13-008/A,11.7/60/-/250,B/C/D,-/5/5/5.5,
7/31/2022,Sunday,2.1,Physics,Install,,Run Group C/FT_ON,10.5/200/p/250,E12-19-006,10.5/80/-/250,E12-13-008/A,11.7/60/-/250,B/C/D,-/5/5/5.5,
8/1/2022,Monday,2.1,Physics,Install,,Run Group C/FT_ON,10.5/200/p/250,E12-19-006,10.5/80/-/250,E12-13-008/A,11.7/60/-/250,B/C/D,-/5/5/5.5,
8/2/2022,Tuesday,2.1,Physics,Install,,Run Group C/FT_ON,10.5/200/p/250,E12-19-006,10.5/80/-/250,E12-13-008/A,11.7/60/-/250,B/C/D,-/5/5/5.5,
8/3/2022,Wednesday,2.1,Physics,Install,,Run Group C/FT_ON,10.5/200/p/250,E12-19-006,10.5/80/-/250,E12-13-008/A,11.7/60/-/250,B/C/D,-/5/5/5.5,
8/4/2022,Thursday,2.1,Physics,Install,,Run Group C/FT_ON,10.5/200/p/250,E12-19-006,10.5/80/-/250,E12-13-008/A,11.7/60/-/250,C/D/B,-/5/5/5.5,
8/5/2022,Friday,2.1,Physics,Install,,Run Group C/FT_ON,10.5/200/p/250,E12-19-006,10.5/80/-/250,E12-13-008/A,11.7/60/-/250,C/D/B,-/5/5/5.5,
8/6/2022,Saturday,2.1,Physics,Install,,Run Group C/FT_ON,10.5/200/p/250,E12-19-006,10.5/80/-/250,E12-13-008/A,11.7/60/-/250,C/D/B,-/5/5/5.5,
8/7/2022,Sunday,2.1,Physics,Install,,Run Group C/FT_ON,10.5/200/p/250,E12-19-006,10.5/80/-/250,E12-13-008/A,11.7/60/-/250,C/D/B,-/5/5/5.5,
8/8/2022,Monday,2.1,Physics,Install,,Run Group C/FT_ON,10.5/200/p/250,Pass change,,E12-13-008/A,11.7/60/-/250,C/D/B,-/5/4/5.5,
8/9/2022,Tuesday,2.1,Physics,Install,,Run Group C/FT_ON,10.5/200/p/250,E12-19-006,8.5/80/-/250,E12-13-008/A,11.7/60/-/250,C/D/B,-/5/4/5.5,
8/10/2022,Wednesday,2.1,Physics,Install,,Run Group C/FT_ON,10.5/200/p/250,E12-19-006,8.5/80/-/250,E12-13-008/A,11.7/60/-/250,C/D/B,-/5/4/5.5,
8/11/2022,Thursday,2.1,Physics,Install,,Run Group C/FT_ON,10.5/200/p/250,E12-19-006,8.5/80/-/250,E12-13-008/A,11.7/60/-/250,C/D/B,-/5/4/5.5,
8/12/2022,Friday,2.1,Physics,Install,,Run Group C/FT_ON,10.5/200/p/250,E12-19-006,8.5/80/-/250,E12-13-008/A,11.7/60/-/250,D/B/C,-/5/4/5.5,
8/13/2022,Saturday,2.1,Physics,Install,,Run Group C/FT_ON,10.5/200/p/250,E12-19-006,8.5/80/-/250,E12-13-008/A,11.7/60/-/250,D/B/C,-/5/4/5.5,
8/14/2022,Sunday,2.1,Physics,Install,,Run Group C/FT_ON,10.5/200/p/250,E12-19-006,8.5/80/-/250,E12-13-008/A,11.7/60/-/250,D/B/C,-/5/4/5.5,
8/15/2022,Monday,2.1,Physics,Install,,Run Group C/FT_ON,10.5/200/p/250,Pass change,,E12-13-008/A,11.7/60/-/250,D/B/C,-/5/3/5.5,
8/16/2022,Tuesday,2.1,Physics,Install,,Run Group C/FT_ON,10.5/200/p/250,E12-19-006,6.4/80/-/250,E12-13-008/A,11.7/60/-/250,D/B/C,-/5/3/5.5,
8/17/2022,Wednesday,2.1,Physics,Install,,Run Group C/FT_ON,10.5/200/p/250,E12-19-006,6.4/80/-/250,E12-13-008/A,11.7/60/-/250,D/B/C,-/5/3/5.5,
8/18/2022,Thursday,2.1,Physics,Install,,Run Group C/FT_ON,10.5/200/p/250,E12-19-006,6.4/80/-/250,Reconfigure,,B/C,-/5/3/-,
8/19/2022,Friday,2.1,Physics,Install,,Run Group C/FT_ON,10.5/200/p/250,E12-19-006,6.4/80/-/250,Reconfigure,,B/C,-/5/3/-,
8/20/2022,Saturday,2.1,Physics,Install,,Run Group C/FT_ON,10.5/200/p/250,E12-19-006,6.4/80/-/250,Reconfigure,,B/C,-/5/3/-,
8/21/2022,Sunday,2.1,Physics,Install,,Run Group C/FT_ON,10.5/200/p/250,E12-19-006,6.4/80/-/250,Reconfigure,,B/C,-/5/3/-,
8/22/2022,Monday,2.1,Physics,Install,,Run Group C/FT_ON,10.5/200/p/250,E12-19-006,6.4/80/-/250,Reconfigure,,B/C,-/5/3/-,
8/23/2022,Tuesday,2.1,Physics,Install,,Run Group C/FT_ON,10.5/200/p/250,E12-19-006,6.4/80/-/250,Reconfigure,,B/C,-/5/3/-,
8/24/2022,Wednesday,2.1,Physics,Install,,Run Group C/FT_ON,10.5/200/p/250,E12-19-006,6.4/80/-/250,Reconfigure,,B/C,-/5/3/-,
8/25/2022,Thursday,2.1,Physics,Install,,Run Group C/FT_ON,10.5/200/p/250,E12-19-006,6.4/80/-/250,Reconfigure,,B/C,-/5/3/-,
8/26/2022,Friday,2.1,Physics,Install,,Reconfigure,,E12-19-006,6.4/80/-/250,Reconfigure,,C,-/-/3/-,
8/27/2022,Saturday,2.1,Physics,Install,,Reconfigure,,E12-19-006,6.4/80/-/250,E12-10-011,11.7/200/-/250,C/D,-/-/3/5.5,
8/28/2022,Sunday,2.1,Physics,Install,,Reconfigure,,E12-19-006,6.4/80/-/250,E12-10-011,11.7/200/-/250,C/D,-/-/3/5.5,
8/29/2022,Monday,2.1,Physics,Install,,Reconfigure,,E12-19-006,6.4/80/-/250,E12-10-011,11.7/200/-/250,C/D,-/-/3/5.5,
8/30/2022,Tuesday,2.1,Physics,Install,,Reconfigure,,E12-19-006,6.4/80/-/250,E12-10-011,11.7/200/-/250,C/D,-/-/3/5.5,
8/31/2022,Wednesday,2.1,Physics,Install,,Reconfigure,,E12-19-006,6.4/80/-/250,E12-10-011,11.7/200/-/250,C/D,-/-/3/5.5,
9/1/2022,Thursday,2.1,Physics,Install,,Reconfigure,,E12-19-006,6.4/80/-/250,E12-10-011,11.7/200/-/250,C/D,-/-/3/5.5,
9/2/2022,Friday,2.1,Physics,Install,,Run Group C/FT_OFF,10.5/200/p/250,E12-19-006,6.4/80/-/250,E12-10-011,11.7/200/-/250,D/B/C,-/5/3/5.5,
9/3/2022,Saturday,2.1,Physics,Install,,Run Group C/FT_OFF,10.5/200/p/250,E12-19-006,6.4/80/-/250,E12-10-011,11.7/200/-/250,D/B/C,-/5/3/5.5,
9/4/2022,Sunday,2.1,Physics,Install,,Run Group C/FT_OFF,10.5/200/p/250,E12-19-006,6.4/80/-/250,E12-10-011,11.7/200/-/250,D/B/C,-/5/3/5.5,
9/5/2022,Monday,2.1,Physics,Install,,Run Group C/FT_OFF,10.5/200/p/250,E12-19-006,6.4/80/-/250,E12-10-011,11.7/200/-/250,D/B/C,-/5/3/5.5,
9/6/2022,Tuesday,2.1,Physics,Install,,Run Group C/FT_OFF,10.5/200/p/250,E12-19-006,6.4/80/-/250,E12-10-011,11.7/200/-/250,D/B/C,-/5/3/5.5,
9/7/2022,Wednesday,2.1,Physics,Install,,Run Group C/FT_OFF,10.5/200/p/250,E12-19-006,6.4/80/-/250,E12-10-011,11.7/200/-/250,D/B/C,-/5/3/5.5,
9/8/2022,Thursday,2.1,Physics,Install,,Run Group C/FT_OFF,10.5/200/p/250,E12-19-006,6.4/80/-/250,E12-10-011,11.7/200/-/250,D/B/C,-/5/3/5.5,
9/9/2022,Friday,2.1,Physics,Install,,Run Group C/FT_OFF,10.5/200/p/250,E12-19-006,6.4/80/-/250,E12-10-011,11.7/200/-/250,D/B/C,-/5/3/5.5,
9/10/2022,Saturday,2.1,Physics,Install,,Run Group C/FT_OFF,10.5/200/p/250,Target Cooldown,,E12-10-011,11.7/200/-/250,B/D,-/5/-/5.5,
9/11/2022,Sunday,2.1,Physics,Install,,Run Group C/FT_OFF,10.5/200/p/250,Target Cooldown,,E12-10-011,11.7/200/-/250,B/D,-/5/-/5.5,
9/12/2022,Monday,2.1,Physics,Install,,Run Group C/FT_OFF,10.5/200/p/250,Reconfigure,,E12-10-011,11.7/200/-/250,B/D,-/5/-/5.5,
9/13/2022,Tuesday,2.1,Physics,Install,,Run Group C/FT_OFF,10.5/200/p/250,Reconfigure,,E12-10-011,11.7/200/-/250,B/D,-/5/-/5.5,
9/14/2022,Wednesday,2.1,Physics,Install,,Run Group C/FT_OFF,10.5/200/p/250,Reconfigure,,E12-10-011,11.7/200/-/250,B/D,-/5/-/5.5,
9/15/2022,Thursday,2.1,Physics,Install,,Run Group C/FT_OFF,10.5/200/p/250,Reconfigure,,E12-10-011,11.7/200/-/250,B/D,-/5/-/5.5,
9/16/2022,Friday,2.1,Physics,Install,,Run Group C/FT_OFF,10.5/200/p/250,Reconfigure,,E12-10-011,11.7/200/-/250,B/D,-/5/-/5.5,
9/17/2022,Saturday,2.1,Physics,Install,,Run Group C/FT_OFF,10.5/200/p/250,Reconfigure,,E12-10-011,11.7/200/-/250,B/D,-/5/-/5.5,
9/18/2022,Sunday,2.1,Physics,Install,,Run Group C/FT_OFF,10.5/200/p/250,Reconfigure,,E12-10-011,11.7/200/-/250,B/D,-/5/-/5.5,
9/19/2022,Monday,2.1,Physics,Install,,Run Group C/FT_OFF,10.5/200/p/250,PASS CHANGE,,E12-10-011,11.7/200/-/250,C/D/B,-/5/5/5.5,
9/20/2022,Tuesday,2.1,Physics,Install,,Run Group C/FT_OFF,10.5/200/p/250,E12-17-005,10.5/80/-/250,E12-10-011,11.7/200/-/250,C/D/B,-/5/5/5.5,
9/21/2022,Wednesday,2.1,Physics,Install,,Run Group C/FT_OFF,10.5/200/p/250,E12-17-005,10.5/80/-/250,E12-10-011,11.7/200/-/250,C/D/B,-/5/5/5.5,
9/22/2022,Thursday,2.1,Physics,Install,,Run Group C/FT_OFF,10.5/200/p/250,E12-17-005,10.5/80/-/250,E12-10-011,11.7/200/-/250,C/D/B,-/5/5/5.5,
9/23/2022,Friday,2.1,Physics,Install,,Run Group C/FT_OFF,10.5/200/p/250,E12-17-005,10.5/80/-/250,E12-10-011,11.7/200/-/250,C/D/B,-/5/5/5.5,
9/24/2022,Saturday,2.1,Physics,Install,,Run Group C/FT_OFF,10.5/200/p/250,E12-17-005,10.5/80/-/250,E12-10-011,11.7/200/-/250,C/D/B,-/5/5/5.5,
9/25/2022,Sunday,2.1,Physics,Install,,Run Group C/FT_OFF,10.5/200/p/250,E12-17-005,10.5/80/-/250,E12-10-011,11.7/200/-/250,C/D/B,-/5/5/5.5,
9/26/2022,Monday,2.1,Physics,Lockup,,Run Group C/FT_OFF,10.5/200/p/250,E12-17-005,10.5/80/-/250,E12-10-011,11.7/200/-/250,C/D/B,-/5/5/5.5,
9/27/2022,Tuesday,2.1,Physics,Lockup,,Run Group C/FT_OFF,10.5/200/p/250,E12-17-005,10.5/80/-/250,E12-10-011,11.7/200/-/250,C/D/B,-/5/5/5.5,
9/28/2022,Wednesday,2.1,Physics,Lockup,,Run Group C/FT_OFF,10.5/200/p/250,E12-10-008,10.5/60/-/250,E12-10-011,11.7/200/-/250,C/D/B,-/5/5/5.5,
9/29/2022,Thursday,2.1,Physics,Pass change,,Run Group C/FT_OFF,10.5/200/p/250,E12-10-008,10.5/60/-/250,E12-10-011,11.7/200/-/250,A/D/B/C,1/5/5/5.5,
9/30/2022,Friday,2.1,Physics,E12-09-016 **,2.1/60/-/250,Run Group C/FT_OFF,10.5/200/p/250,E12-10-008,10.5/60/-/250,E12-10-011,11.7/200/-/250,A/D/B/C,1/5/5/5.5,
10/1/2022,Saturday,2.1,Physics,E12-09-016 **,2.1/60/-/250,Run Group C/FT_OFF,10.5/200/p/250,E12-10-008,10.5/60/-/250,E12-10-011,11.7/200/-/250,A/D/B/C,1/5/5/5.5,Start of new Fiscal Year (FY23)
10/2/2022,Sunday,2.1,Physics,E12-09-016 **,2.1/60/-/250,Run Group C/FT_OFF,10.5/200/p/250,E12-10-008,10.5/60/-/250,E12-10-011,11.7/200/-/250,A/D/B/C,1/5/5/5.5,
10/3/2022,Monday,2.1,Physics,E12-09-016 **,2.1/60/-/250,Run Group C/FT_OFF,10.5/200/p/250,E12-10-008,10.5/60/-/250,E12-10-011,11.7/200/-/250,A/D/B/C,1/5/5/5.5,GEN Pending Completion of ERR
10/4/2022,Tuesday,2.1,Physics,E12-09-016 **,2.1/60/-/250,Run Group C/FT_OFF,10.5/200/p/250,E12-10-008,10.5/60/-/250,E12-10-011,11.7/200/-/250,A/D/B/C,1/5/5/5.5,Requires Good Pol. 3He Cells
10/5/2022,Wednesday,2.1,Physics,E12-09-016 **,2.1/60/-/250,Run Group C/FT_OFF,10.5/200/p/250,E12-10-008,10.5/60/-/250,E12-10-011,11.7/200/-/250,A/D/B/C,1/5/5/5.5,
10/6/2022,Thursday,2.1,Physics,E12-09-016 **,2.1/60/-/250,Run Group C/FT_OFF,10.5/200/p/250,E12-10-008,10.5/60/-/250,E12-10-011,11.7/200/-/250,D/B/C/A,1/5/5/5.5,At 1st pass Hall A does not get to set Wien
10/7/2022,Friday,2.1,Physics,E12-09-016 **,2.1/60/-/250,Run Group C/FT_OFF,10.5/200/p/250,E12-10-008,10.5/60/-/250,E12-10-011,11.7/200/-/250,D/B/C/A,1/5/5/5.5,Hall A beam will be transversely polarized.
10/8/2022,Saturday,2.1,Physics,E12-09-016 **,2.1/60/-/250,Run Group C/FT_OFF,10.5/200/p/250,E12-10-008,10.5/60/-/250,E12-10-011,11.7/200/-/250,D/B/C/A,1/5/5/5.5,** = needs to complete ERR
10/9/2022,Sunday,2.1,Physics,E12-09-016 **,2.1/60/-/250,Run Group C/FT_OFF,10.5/200/p/250,E12-10-008,10.5/60/-/250,E12-10-011,11.7/200/-/250,D/B/C/A,1/5/5/5.5,
10/10/2022,Monday,2.1,Physics,Reconfigure,,Run Group C/FT_OFF,10.5/200/p/250,E12-10-008,10.5/60/-/250,E12-10-011,11.7/200/-/250,D/B/C/A,-/5/5/5.5,
10/11/2022,Tuesday,2.1,Physics,Pass change,,Run Group C/FT_OFF,10.5/200/p/250,E12-10-008,10.5/60/-/250,E12-10-011,11.7/200/-/250,D/B/C/A,2/5/5/5.5,
10/12/2022,Wednesday,2.1,Physics,E12-09-016 **,4.2/60/p/250,Run Group C/FT_OFF,10.5/200/p/250,E12-10-008,10.5/60/-/250,E12-10-011,11.7/200/-/250,D/B/C/A,2/5/5/5.5,
10/13/2022,Thursday,2.1,Physics,E12-09-016 **,4.2/60/p/250,Run Group C/FT_OFF,10.5/200/p/250,E12-10-008,10.5/60/-/250,E12-10-011,11.7/200/-/250,B/C/A/D,2/5/5/5.5,
10/14/2022,Friday,2.1,Physics,E12-09-016 **,4.2/60/p/250,Run Group C/FT_OFF,10.5/200/p/250,E12-10-008,10.5/60/-/250,E12-10-011,11.7/200/-/250,B/C/A/D,2/5/5/5.5,
10/15/2022,Saturday,2.1,Physics,E12-09-016 **,4.2/60/p/250,Run Group C/FT_OFF,10.5/200/p/250,E12-10-008,10.5/60/-/250,E12-10-011,11.7/200/-/250,B/C/A/D,2/5/5/5.5,
10/16/2022,Sunday,2.1,Physics,E12-09-016 **,4.2/60/p/250,Run Group C/FT_OFF,10.5/200/p/250,E12-10-008,10.5/60/-/250,E12-10-011,11.7/200/-/250,B/C/A/D,2/5/5/5.5,
10/17/2022,Monday,2.1,Physics,E12-09-016 **,4.2/60/p/250,Run Group C/FT_OFF,10.5/200/p/250,E12-10-008,10.5/60/-/250,E12-10-011,11.7/200/-/250,B/C/A/D,2/5/5/5.5,
10/18/2022,Tuesday,2.1,Physics,E12-09-016 **,4.2/60/p/250,Run Group C/FT_OFF,10.5/200/p/250,E12-10-008,10.5/60/-/250,E12-10-011,11.7/200/-/250,B/C/A/D,2/5/5/5.5,
10/19/2022,Wednesday,2.1,Physics,E12-09-016 **,4.2/60/p/250,Run Group C/FT_OFF,10.5/200/p/250,E12-10-008,10.5/60/-/250,E12-10-011,11.7/200/-/250,B/C/A/D,2/5/5/5.5,
10/20/2022,Thursday,2.1,Physics,Reconfigure,,Run Group C/FT_OFF,10.5/200/p/250,E12-10-008,10.5/60/-/250,E12-10-011,11.7/200/-/250,C/A/D/B,-/5/5/5.5,
10/21/2022,Friday,2.1,Physics,Pass change,,Run Group C/FT_OFF,10.5/200/p/250,E12-10-008,10.5/60/-/250,E12-10-011,11.7/200/-/250,C/A/D/B,3/5/5/5.5,
10/22/2022,Saturday,2.1,Physics,E12-09-016 **,6.3/40/p/250,Run Group C/FT_OFF,10.5/200/p/250,E12-10-008,10.5/60/-/250,E12-10-011,11.7/200/-/250,C/A/D/B,3/5/5/5.5,
10/23/2022,Sunday,2.1,Physics,E12-09-016 **,6.3/40/p/250,Run Group C/FT_OFF,10.5/200/p/250,E12-10-008,10.5/60/-/250,E12-10-011,11.7/200/-/250,C/A/D/B,3/5/5/5.5,Assume power limit 1.1 MW by this point
10/24/2022,Monday,2.1,Physics,E12-09-016 **,6.3/40/p/250,Run Group C/FT_OFF,10.5/200/p/250,E12-10-008,10.5/60/-/250,E12-10-011,11.7/200/-/250,C/A/D/B,3/5/5/5.5,
10/25/2022,Tuesday,2.1,Physics,E12-09-016 **,6.3/40/p/250,Run Group C/FT_OFF,10.5/200/p/250,E12-10-008,10.5/60/-/250,E12-10-011,11.7/200/-/250,C/A/D/B,3/5/5/5.5,
10/26/2022,Wednesday,2.1,Physics,E12-09-016 **,6.3/40/p/250,Run Group C/FT_OFF,10.5/200/p/250,E12-10-008,10.5/60/-/250,E12-10-011,11.7/200/-/250,C/A/D/B,3/5/5/5.5,
10/27/2022,Thursday,2.1,Physics,E12-09-016 **,6.3/40/p/250,Run Group C/FT_OFF,10.5/200/p/250,E12-10-008,10.5/60/-/250,E12-10-011,11.7/200/-/250,A/D/B/C,3/5/5/5.5,
10/28/2022,Friday,2.1,Physics,E12-09-016 **,6.3/40/p/250,Run Group C/FT_OFF,10.5/200/p/250,E12-10-008,10.5/60/-/250,E12-10-011,11.7/200/-/250,A/D/B/C,3/5/5/5.5,
10/29/2022,Saturday,2.1,Physics,E12-09-016 **,6.3/40/p/250,Run Group C/FT_OFF,10.5/200/p/250,E12-10-008,10.5/60/-/250,E12-10-011,11.7/200/-/250,A/D/B/C,3/5/5/5.5,
10/30/2022,Sunday,2.1,Physics,E12-09-016 **,6.3/40/p/250,Run Group C/FT_OFF,10.5/200/p/250,E12-10-008,10.5/60/-/250,E12-10-011,11.7/200/-/250,A/D/B/C,3/5/5/5.5,
10/31/2022,Monday,2.1,Physics,E12-09-016 **,6.3/40/p/250,Run Group C/FT_OFF,10.5/200/p/250,E12-10-008,10.5/60/-/250,E12-10-011,11.7/200/-/250,A/D/B/C,3/5/5/5.5,
11/1/2022,Tuesday,2.1,Physics,E12-09-016 **,6.3/40/p/250,Run Group C/FT_OFF,10.5/200/p/250,E12-10-008,10.5/60/-/250,E12-10-011,11.7/200/-/250,A/D/B/C,3/5/5/5.5,
11/2/2022,Wednesday,2.1,Physics,E12-09-016 **,6.3/40/p/250,Run Group C/FT_OFF,10.5/200/p/250,E12-10-008,10.5/60/-/250,E12-10-011,11.7/200/-/250,A/D/B/C,3/5/5/5.5,
11/3/2022,Thursday,2.1,Physics,E12-09-016 **,6.3/40/p/250,Run Group C/FT_OFF,10.5/200/p/250,E12-06-105,10.5/60/-/250,E12-10-011,11.7/200/-/250,D/B/C/A,3/5/5/5.5,
11/4/2022,Friday,2.1,Physics,E12-09-016 **,6.3/40/p/250,Run Group C/FT_OFF,10.5/200/p/250,E12-06-105,10.5/60/-/250,E12-10-011,11.7/200/-/250,D/B/C/A,3/5/5/5.5,
11/5/2022,Saturday,2.1,Physics,E12-09-016 **,6.3/40/p/250,Run Group C/FT_OFF,10.5/200/p/250,E12-06-105,10.5/60/-/250,E12-10-011,11.7/200/-/250,D/B/C/A,3/5/5/5.5,
11/6/2022,Sunday,2.1,Physics,E12-09-016 **,6.3/40/p/250,Run Group C/FT_OFF,10.5/200/p/250,E12-06-105,10.5/60/-/250,E12-10-011,11.7/200/-/250,D/B/C/A,3/5/5/5.5,
11/7/2022,Monday,2.1,Physics,E12-09-016 **,6.3/40/p/250,Run Group C/FT_OFF,10.5/200/p/250,E12-06-105,10.5/60/-/250,E12-10-011,11.7/200/-/250,D/B/C/A,3/5/5/5.5,
11/8/2022,Tuesday,2.1,Physics,E12-09-016 **,6.3/40/p/250,Run Group C/FT_OFF,10.5/200/p/250,E12-06-105,10.5/60/-/250,E12-10-011,11.7/200/-/250,D/B/C/A,3/5/5/5.5,
11/9/2022,Wednesday,2.1,Physics,E12-09-016 **,6.3/40/p/250,Run Group C/FT_OFF,10.5/200/p/250,E12-06-105,10.5/60/-/250,E12-10-011,11.7/200/-/250,D/B/C/A,3/5/5/5.5,
11/10/2022,Thursday,2.1,Physics,E12-09-016 **,6.3/40/p/250,Run Group C/FT_OFF,10.5/200/p/250,E12-06-105,10.5/60/-/250,E12-10-011,11.7/200/-/250,B/C/A/D,3/5/5/5.5,
11/11/2022,Friday,2.1,Physics,E12-09-016 **,6.3/40/p/250,Run Group C/FT_OFF,10.5/200/p/250,E12-06-105,10.5/60/-/250,E12-10-011,11.7/200/-/250,B/C/A/D,3/5/5/5.5,
11/12/2022,Saturday,2.1,Physics,E12-09-016 **,6.3/40/p/250,Run Group C/FT_OFF,10.5/200/p/250,E12-06-105,10.5/60/-/250,E12-10-011,11.7/200/-/250,B/C/A/D,3/5/5/5.5,
11/13/2022,Sunday,2.1,Physics,E12-09-016 **,6.3/40/p/250,Run Group C/FT_OFF,10.5/200/p/250,E12-06-105,10.5/60/-/250,E12-10-011,11.7/200/-/250,B/C/A/D,3/5/5/5.5,
11/14/2022,Monday,2.1,Physics,E12-09-016 **,6.3/40/p/250,Run Group C/FT_OFF,10.5/200/p/250,E12-06-105,10.5/60/-/250,E12-10-011,11.7/200/-/250,B/C/A/D,3/5/5/5.5,
11/15/2022,Tuesday,2.1,Physics,E12-09-016 **,6.3/40/p/250,Run Group C/FT_OFF,10.5/200/p/250,E12-06-105,10.5/60/-/250,E12-10-011,11.7/200/-/250,B/C/A/D,3/5/5/5.5,
11/16/2022,Wednesday,2.1,Physics,E12-09-016 **,6.3/40/p/250,Run Group C/FT_OFF,10.5/200/p/250,Reconfigure,,E12-10-011,11.7/200/-/250,B/C/A/D,3/5/-/5.5,
11/17/2022,Thursday,2.1,Physics,E12-09-016 **,6.3/40/p/250,Run Group C/FT_OFF,10.5/200/p/250,Reconfigure,,E12-10-011,11.7/200/-/250,A/D/B,3/5/-/5.5,Hall C target reconfiguration
11/18/2022,Friday,2.1,Physics,E12-09-016 **,6.3/40/p/250,Run Group C/FT_OFF,10.5/200/p/250,E12-06-105,10.5/60/-/250,E12-10-011,11.7/200/-/250,C/A/D/B,3/5/5/5.5,
11/19/2022,Saturday,2.1,Physics,E12-09-016 **,6.3/40/p/250,Run Group C/FT_OFF,10.5/200/p/250,E12-06-105,10.5/60/-/250,E12-10-011,11.7/200/-/250,C/A/D/B,3/5/5/5.5,
11/20/2022,Sunday,2.1,Physics,E12-09-016 **,6.3/40/p/250,Run Group C/FT_OFF,10.5/200/p/250,E12-06-105,10.5/60/-/250,E12-10-011,11.7/200/-/250,C/A/D/B,3/5/5/5.5,
11/21/2022,Monday,2.1,Physics,Reconfigure,,Run Group C/FT_OFF,10.5/200/p/250,E12-06-105,10.5/60/-/250,E12-10-011,11.7/200/-/250,C/A/D/B,-/5/5/5.5,
11/22/2022,Tuesday,2.1,Physics,Pass change,,Run Group C/FT_OFF,10.5/200/p/250,E12-06-105,10.5/60/-/250,E12-10-011,11.7/200/-/250,C/A/D/B,4/5/5/5.5,
11/23/2022,Wednesday,2.1,Physics,E12-09-016 **,8.4/45/p/250,Run Group C/FT_OFF,10.5/200/p/250,E12-06-105,10.5/60/-/250,E12-10-011,11.7/200/-/250,C/A/D/B,4/5/5/5.5,
11/24/2022,Thursday,2.1,Physics,E12-09-016 **,8.4/45/p/250,Run Group C/FT_OFF,10.5/200/p/250,E12-06-105,10.5/60/-/250,E12-10-011,11.7/200/-/250,C/A/D/B,4/5/5/5.5,
11/25/2022,Friday,2.1,Physics,E12-09-016 **,8.4/45/p/250,Run Group C/FT_OFF,10.5/200/p/250,E12-06-105,10.5/60/-/250,E12-10-011,11.7/200/-/250,A/D/B/C,4/5/5/5.5,
11/26/2022,Saturday,2.1,Physics,E12-09-016 **,8.4/45/p/250,Run Group C/FT_OFF,10.5/200/p/250,E12-06-105,10.5/60/-/250,E12-10-011,11.7/200/-/250,A/D/B/C,4/5/5/5.5,
11/27/2022,Sunday,2.1,Physics,E12-09-016 **,8.4/45/p/250,Run Group C/FT_OFF,10.5/200/p/250,E12-06-105,10.5/60/-/250,E12-10-011,11.7/200/-/250,A/D/B/C,4/5/5/5.5,
11/28/2022,Monday,2.1,Physics,E12-09-016 **,8.4/45/p/250,Run Group C/FT_OFF,10.5/200/p/250,E12-06-105,10.5/60/-/250,E12-10-011,11.7/200/-/250,A/D/B/C,4/5/5/5.5,
11/29/2022,Tuesday,2.1,Physics,E12-09-016 **,8.4/45/p/250,Run Group C/FT_OFF,10.5/200/p/250,E12-06-105,10.5/60/-/250,E12-10-011,11.7/200/-/250,A/D/B/C,4/5/5/5.5,
11/30/2022,Wednesday,2.1,Physics,E12-09-016 **,8.4/45/p/250,Run Group C/FT_OFF,10.5/200/p/250,E12-06-105,10.5/60/-/250,Reconfigure,,A/D/B/C,4/5/5/-,
12/1/2022,Thursday,2.1,Physics,E12-09-016 **,8.4/45/p/250,Run Group C/FT_OFF,10.5/200/p/250,E12-06-105,10.5/60/-/250,Reconfigure,,A/D/B/C,4/5/5/-,
12/2/2022,Friday,2.1,Physics,E12-09-016 **,8.4/45/p/250,Run Group C/FT_OFF,10.5/200/p/250,E12-06-105,10.5/60/-/250,Reconfigure,,B/C/A,4/5/5/-,
12/3/2022,Saturday,2.1,Physics,E12-09-016 **,8.4/45/p/250,Run Group C/FT_OFF,10.5/200/p/250,E12-06-105,10.5/60/-/250,Reconfigure,,B/C/A,4/5/5/-,
12/4/2022,Sunday,2.1,Physics,E12-09-016 **,8.4/45/p/250,Run Group C/FT_OFF,10.5/200/p/250,E12-06-105,10.5/60/-/250,E12-12-002,11.7/200/-/250,D/B/C/A,4/5/5/5.5,
12/5/2022,Monday,2.1,Physics,E12-09-016 **,8.4/45/p/250,Run Group C/FT_OFF,10.5/200/p/250,E12-06-105,10.5/60/-/250,E12-12-002,11.7/200/-/250,D/B/C/A,4/5/5/5.5,
12/6/2022,Tuesday,2.1,Physics,E12-09-016 **,8.4/45/p/250,Run Group C/FT_OFF,10.5/200/p/250,E12-06-105,10.5/60/-/250,E12-12-002,11.7/200/-/250,D/B/C/A,4/5/5/5.5,
12/7/2022,Wednesday,2.1,Physics,E12-09-016 **,8.4/45/p/250,Run Group C/FT_OFF,10.5/200/p/250,E12-06-105,10.5/60/-/250,E12-12-002,11.7/200/-/250,D/B/C/A,4/5/5/5.5,
12/8/2022,Thursday,2.1,Physics,E12-09-016 **,8.4/45/p/250,Run Group C/FT_OFF,10.5/200/p/250,E12-06-105,10.5/60/-/250,E12-12-002,11.7/200/-/250,D/B/C/A,4/5/5/5.5,
12/9/2022,Friday,2.1,Physics,E12-09-016 **,8.4/45/p/250,Run Group C/FT_OFF,10.5/200/p/250,E12-06-105,10.5/60/-/250,E12-12-002,11.7/200/-/250,D/B/C/A,4/5/5/5.5,
12/10/2022,Saturday,2.1,Physics,E12-09-016 **,8.4/45/p/250,Run Group C/FT_OFF,10.5/200/p/250,E12-06-105,10.5/60/-/250,E12-12-002,11.7/200/-/250,D/B/C/A,4/5/5/5.5,
12/11/2022,Sunday,2.1,Physics,E12-09-016 **,8.4/45/p/250,Run Group C/FT_OFF,10.5/200/p/250,E12-06-105,10.5/60/-/250,E12-12-002,11.7/200/-/250,D/B/C/A,4/5/5/5.5,
12/12/2022,Monday,2.1,Physics,E12-09-016 **,8.4/45/p/250,Run Group C/FT_OFF,10.5/200/p/250,E12-06-105,10.5/60/-/250,E12-12-002,11.7/200/-/250,B/C/A/D,4/5/5/5.5,
12/13/2022,Tuesday,2.1,Physics,E12-09-016 **,8.4/45/p/250,Run Group C/FT_OFF,10.5/200/p/250,E12-06-105,10.5/60/-/250,E12-12-002,11.7/200/-/250,B/C/A/D,4/5/5/5.5,
12/14/2022,Wednesday,2.1,Physics,E12-09-016 **,8.4/45/p/250,Run Group C/FT_OFF,10.5/200/p/250,E12-06-105,10.5/60/-/250,E12-12-002,11.7/200/-/250,B/C/A/D,4/5/5/5.5,
12/15/2022,Thursday,2.1,Physics,E12-09-016 **,8.4/45/p/250,Run Group C/FT_OFF,10.5/200/p/250,E12-06-105,10.5/60/-/250,E12-12-002,11.7/200/-/250,B/C/A/D,4/5/5/5.5,
12/16/2022,Friday,2.1,Physics,E12-09-016 **,8.4/45/p/250,Run Group C/FT_OFF,10.5/200/p/250,E12-06-105,10.5/60/-/250,E12-12-002,11.7/200/-/250,B/C/A/D,4/5/5/5.5,
12/17/2022,Saturday,2.1,Physics,E12-09-016 **,8.4/45/p/250,Run Group C/FT_OFF,10.5/200/p/250,E12-06-105,10.5/60/-/250,E12-12-002,11.7/200/-/250,B/C/A/D,4/5/5/5.5,
12/18/2022,Sunday,2.1,Physics,E12-09-016 **,8.4/45/p/250,Run Group C/FT_OFF,10.5/200/p/250,E12-06-105,10.5/60/-/250,E12-12-002,11.7/200/-/250,B/C/A/D,4/5/5/5.5,
12/19/2022,Monday,2.1,Beam Off At 7am,,,,,,,,,,,
12/20/2022,Tuesday,,,,,,,,,,,,,
12/21/2022,Wednesday,,,,,,,,,,,,,
12/22/2022,Thursday,,,,,,,,,,,,,
12/23/2022,Friday,,Winter Break,,,,,,,,,,,
12/24/2022,Saturday,,Winter Break,,,,,,,,,,,
12/25/2022,Sunday,,Winter Break,,,,,,,,,,,
12/26/2022,Monday,,Winter Break,,,,,,,,,,,
12/27/2022,Tuesday,,Winter Break,,,,,,,,,,,
12/28/2022,Wednesday,,Winter Break,,,,,,,,,,,
12/29/2022,Thursday,,Winter Break,,,,,,,,,,,
12/30/2022,Friday,,Winter Break,,,,,,,,,,,
12/31/2022,Saturday,,Winter Break,,,,,,,,,,,
1/1/2023,Sunday,,Winter Break,,,,,,,,,,,
1/2/2023,Monday,,Winter Break,,,,,,,,,,,
1/3/2023,Tuesday,,,,,,,,,,,,,
1/4/2023,Wednesday,,,,,,,,,,,,,
1/5/2023,Thursday,,,,,,,,,,,,,
1/6/2023,Friday,,,,,,,,,,,,,
1/7/2023,Saturday,,,,,,,,,,,,,
1/8/2023,Sunday,,,,,,,,,,,,,
1/9/2023,Monday,2.1,Restore,,,,,,,,,,,
1/10/2023,Tuesday,2.1,Restore,,,,,,,,,,,
1/11/2023,Wednesday,2.1,Restore,,,,,,,,,,,
1/12/2023,Thursday,2.1,Restore,,,,,,,,,,,
1/13/2023,Friday,2.1,Restore,,,,,,,,,,,
1/14/2023,Saturday,2.1,Restore,,,,,,,,,,,
1/15/2023,Sunday,2.1,Restore,,,,,,,,,,,
1/16/2023,Monday,2.1,Physics,E12-09-016 **,8.4/45/p/250,Run Group C/FT_OFF,10.5/200/p/250,E12-06-105,10.5/60/-/250,E12-12-002,11.7/200/-/250,A/B/C/D,4/5/5/5.5,** = needs to complete ERR
1/17/2023,Tuesday,2.1,Physics,E12-09-016 **,8.4/45/p/250,Run Group C/FT_OFF,10.5/200/p/250,E12-06-105,10.5/60/-/250,E12-12-002,11.7/200/-/250,A/B/C/D,4/5/5/5.5,
1/18/2023,Wednesday,2.1,Physics,E12-09-016 **,8.4/45/p/250,Run Group C/FT_OFF,10.5/200/p/250,E12-06-105,10.5/60/-/250,E12-12-002,11.7/200/-/250,A/B/C/D,4/5/5/5.5,
1/19/2023,Thursday,2.1,Physics,E12-09-016 **,8.4/45/p/250,Run Group C/FT_OFF,10.5/200/p/250,E12-06-105,10.5/60/-/250,E12-12-002,11.7/200/-/250,A/B/C/D,4/5/5/5.5,
1/20/2023,Friday,2.1,Physics,E12-09-016 **,8.4/45/p/250,Run Group C/FT_OFF,10.5/200/p/250,E12-06-105,10.5/60/-/250,E12-12-002,11.7/200/-/250,A/B/C/D,4/5/5/5.5,
1/21/2023,Saturday,2.1,Physics,E12-09-016 **,8.4/45/p/250,Run Group C/FT_OFF,10.5/200/p/250,E12-06-105,10.5/60/-/250,E12-12-002,11.7/200/-/250,A/B/C/D,4/5/5/5.5,
1/22/2023,Sunday,2.1,Physics,E12-09-016 **,8.4/45/p/250,Run Group C/FT_OFF,10.5/200/p/250,E12-06-105,10.5/60/-/250,E12-12-002,11.7/200/-/250,A/B/C/D,4/5/5/5.5,
1/23/2023,Monday,2.1,Physics,E12-09-016 **,8.4/45/p/250,Run Group C/FT_OFF,10.5/200/p/250,E12-06-105,10.5/60/-/250,E12-12-002,11.7/200/-/250,B/C/D/A,4/5/5/5.5,
1/24/2023,Tuesday,2.1,Physics,E12-09-016 **,8.4/45/p/250,Run Group C/FT_OFF,10.5/200/p/250,E12-06-105,10.5/60/-/250,E12-12-002,11.7/200/-/250,B/C/D/A,4/5/5/5.5,
1/25/2023,Wednesday,2.1,Physics,E12-09-016 **,8.4/45/p/250,Run Group C/FT_OFF,10.5/200/p/250,E12-06-105,10.5/60/-/250,E12-12-002,11.7/200/-/250,B/C/D/A,4/5/5/5.5,
1/26/2023,Thursday,2.1,Physics,E12-09-016 **,8.4/45/p/250,Run Group C/FT_OFF,10.5/200/p/250,E12-06-105,10.5/60/-/250,E12-12-002,11.7/200/-/250,B/C/D/A,4/5/5/5.5,
1/27/2023,Friday,2.1,Physics,E12-09-016 **,8.4/45/p/250,Run Group C/FT_OFF,10.5/200/p/250,E12-06-105,10.5/60/-/250,E12-12-002,11.7/200/-/250,B/C/D/A,4/5/5/5.5,
1/28/2023,Saturday,2.1,Physics,E12-09-016 **,8.4/45/p/250,Run Group C/FT_OFF,10.5/200/p/250,E12-06-105,10.5/60/-/250,E12-12-002,11.7/200/-/250,B/C/D/A,4/5/5/5.5,
1/29/2023,Sunday,2.1,Physics,E12-09-016 **,8.4/45/p/250,Run Group C/FT_OFF,10.5/200/p/250,E12-06-105,10.5/60/-/250,E12-12-002,11.7/200/-/250,B/C/D/A,4/5/5/5.5,
1/30/2023,Monday,2.1,Physics,E12-09-016 **,8.4/45/p/250,Run Group C/FT_OFF,10.5/200/p/250,E12-06-105,10.5/60/-/250,E12-12-002,11.7/200/-/250,C/D/A/B,4/5/5/5.5,
1/31/2023,Tuesday,2.1,Physics,E12-09-016 **,8.4/45/p/250,Run Group C/FT_OFF,10.5/200/p/250,E12-06-105,10.5/60/-/250,E12-12-002,11.7/200/-/250,C/D/A/B,4/5/5/5.5,
2/1/2023,Wednesday,2.1,Physics,E12-09-016 **,8.4/45/p/250,Run Group C/FT_OFF,10.5/200/p/250,E12-06-105,10.5/60/-/250,E12-12-002,11.7/200/-/250,C/D/A/B,4/5/5/5.5,
2/2/2023,Thursday,2.1,Physics,E12-09-016 **,8.4/45/p/250,Run Group C/FT_OFF,10.5/200/p/250,E12-06-105,10.5/60/-/250,E12-12-002,11.7/200/-/250,C/D/A/B,4/5/5/5.5,
2/3/2023,Friday,2.1,Physics,E12-09-016 **,8.4/45/p/250,Run Group C/FT_OFF,10.5/200/p/250,E12-06-105,10.5/60/-/250,E12-12-002,11.7/200/-/250,C/D/A/B,4/5/5/5.5,
2/4/2023,Saturday,2.1,Physics,E12-09-016 **,8.4/45/p/250,Run Group C/FT_OFF,10.5/200/p/250,E12-06-105,10.5/60/-/250,E12-12-002,11.7/200/-/250,C/D/A/B,4/5/5/5.5,
2/5/2023,Sunday,2.1,Physics,E12-09-016 **,8.4/45/p/250,Run Group C/FT_OFF,10.5/200/p/250,E12-06-105,10.5/60/-/250,E12-12-002,11.7/200/-/250,C/D/A/B,4/5/5/5.5,
2/6/2023,Monday,2.1,Physics,E12-09-016 **,8.4/45/p/250,Run Group C/FT_OFF,10.5/200/p/250,E12-06-105,10.5/60/-/250,E12-12-002,11.7/200/-/250,D/A/B/C,4/5/5/5.5,
2/7/2023,Tuesday,2.1,Physics,E12-09-016 **,8.4/45/p/250,Run Group C/FT_OFF,10.5/200/p/250,E12-06-105,10.5/60/-/250,E12-12-002,11.7/200/-/250,D/A/B/C,4/5/5/5.5,
2/8/2023,Wednesday,2.1,Physics,E12-09-016 **,8.4/45/p/250,Run Group C/FT_OFF,10.5/200/p/250,E12-06-105,10.5/60/-/250,E12-12-002,11.7/200/-/250,D/A/B/C,4/5/5/5.5,
2/9/2023,Thursday,2.1,Physics,E12-09-016 **,8.4/45/p/250,Run Group C/FT_OFF,10.5/200/p/250,E12-06-105,10.5/60/-/250,E12-12-002,11.7/200/-/250,D/A/B/C,4/5/5/5.5,
2/10/2023,Friday,2.1,Physics,E12-09-016 **,8.4/45/p/250,Run Group C/FT_OFF,10.5/200/p/250,E12-06-105,10.5/60/-/250,E12-12-002,11.7/200/-/250,D/A/B/C,4/5/5/5.5,
2/11/2023,Saturday,2.1,Physics,E12-09-016 **,8.4/45/p/250,Run Group C/FT_OFF,10.5/200/p/250,E12-06-105,10.5/60/-/250,E12-12-002,11.7/200/-/250,D/A/B/C,4/5/5/5.5,
2/12/2023,Sunday,2.1,Physics,E12-09-016 **,8.4/45/p/250,Run Group C/FT_OFF,10.5/200/p/250,E12-06-105,10.5/60/-/250,E12-12-002,11.7/200/-/250,D/A/B/C,4/5/5/5.5,
2/13/2023,Monday,2.1,Physics,E12-09-016 **,8.4/45/p/250,Run Group C/FT_OFF,10.5/200/p/250,E12-06-105,10.5/60/-/250,E12-12-002,11.7/200/-/250,A/B/C/D,4/5/5/5.5,
2/14/2023,Tuesday,2.1,Physics,E12-09-016 **,8.4/45/p/250,Run Group C/FT_OFF,10.5/200/p/250,E12-06-105,10.5/60/-/250,E12-12-002,11.7/200/-/250,A/B/C/D,4/5/5/5.5,
2/15/2023,Wednesday,2.1,Physics,E12-09-016 **,8.4/45/p/250,Run Group C/FT_OFF,10.5/200/p/250,E12-06-105,10.5/60/-/250,E12-12-002,11.7/200/-/250,A/B/C/D,4/5/5/5.5,
2/16/2023,Thursday,2.1,Physics,E12-09-016 **,8.4/45/p/250,Run Group C/FT_OFF,10.5/200/p/250,E12-06-105,10.5/60/-/250,E12-12-002,11.7/200/-/250,A/B/C/D,4/5/5/5.5,
2/17/2023,Friday,2.1,Physics,E12-09-016 **,8.4/45/p/250,Run Group C/FT_OFF,10.5/200/p/250,Target Reconfiguration,,E12-12-002,11.7/200/-/250,A/B/C/D,4/5/-/5.5,
2/18/2023,Saturday,2.1,Physics,E12-09-016 **,8.4/45/p/250,Run Group C/FT_OFF,10.5/200/p/250,Target Reconfiguration,,E12-12-002,11.7/200/-/250,A/B/C/D,4/5/-/5.5,
2/19/2023,Sunday,2.1,Physics,E12-09-016 **,8.4/45/p/250,Run Group C/FT_OFF,10.5/200/p/250,E12-10-003,10.5/80/-/250,E12-12-002,11.7/200/-/250,A/B/C/D,4/5/5/5.5,
2/20/2023,Monday,2.1,Physics,E12-09-016 **,8.4/45/p/250,Run Group C/FT_OFF,10.5/200/p/250,E12-10-003,10.5/80/-/250,E12-12-002,11.7/200/-/250,B/C/D/A,4/5/5/5.5,
2/21/2023,Tuesday,2.1,Physics,E12-09-016 **,8.4/45/p/250,Run Group C/FT_OFF,10.5/200/p/250,E12-10-003,10.5/80/-/250,E12-12-002,11.7/200/-/250,B/C/D/A,4/5/5/5.5,E12-21-005 ERR Scheduled for May 18th
2/22/2023,Wednesday,2.1,Physics,E12-09-016 **,8.4/45/p/250,Run Group C/FT_OFF,10.5/200/p/250,E12-10-003,10.5/80/-/250,E12-12-002,11.7/200/-/250,B/C/D/A,4/5/5/5.5,
2/23/2023,Thursday,2.1,Physics,E12-09-016 **,8.4/45/p/250,Run Group C/FT_OFF,10.5/200/p/250,E12-10-003,10.5/80/-/250,E12-12-002,11.7/200/-/250,B/C/D/A,4/5/5/5.5,
2/24/2023,Friday,2.1,Physics,E12-09-016 **,8.4/45/p/250,Run Group C/FT_OFF,10.5/200/p/250,E12-10-003,10.5/80/-/250,E12-12-002,11.7/200/-/250,B/C/D/A,4/5/5/5.5,
2/25/2023,Saturday,2.1,Physics,E12-09-016 **,8.4/45/p/250,Run Group C/FT_OFF,10.5/200/p/250,E12-10-003,10.5/80/-/250,E12-12-002,11.7/200/-/250,B/C/D/A,4/5/5/5.5,
2/26/2023,Sunday,2.1,Physics,E12-09-016 **,8.4/45/p/250,Run Group C/FT_OFF,10.5/200/p/250,E12-10-003,10.5/80/-/250,E12-12-002,11.7/200/-/250,B/C/D/A,4/5/5/5.5,
2/27/2023,Monday,2.1,Physics,E12-09-016 **,8.4/45/p/250,Run Group C/FT_OFF,10.5/200/p/250,E12-10-003,10.5/80/-/250,E12-12-002,11.7/200/-/250,C/D/A/B,4/5/5/5.5,
2/28/2023,Tuesday,2.1,Physics,E12-09-016 **,8.4/45/p/250,Run Group C/FT_OFF,10.5/200/p/250,E12-10-003,10.5/80/-/250,E12-12-002,11.7/200/-/250,C/D/A/B,4/5/5/5.5,
3/1/2023,Wednesday,2.1,Physics,E12-09-016 **,8.4/45/p/250,Run Group C/FT_OFF,10.5/200/p/250,E12-10-003,10.5/80/-/250,E12-12-002,11.7/200/-/250,C/D/A/B,4/5/5/5.5,
3/2/2023,Thursday,2.1,Physics,E12-09-016 **,8.4/45/p/250,Run Group C/FT_OFF,10.5/200/p/250,E12-10-003,10.5/80/-/250,E12-12-002,11.7/200/-/250,C/D/A/B,4/5/5/5.5,
3/3/2023,Friday,2.1,Physics,E12-09-016 **,8.4/45/p/250,Run Group C/FT_OFF,10.5/200/p/250,E12-10-003,10.5/80/-/250,E12-12-002,11.7/200/-/250,C/D/A/B,4/5/5/5.5,
3/4/2023,Saturday,2.1,Physics,E12-09-016 **,8.4/45/p/250,Run Group C/FT_OFF,10.5/200/p/250,E12-10-003,10.5/80/-/250,E12-12-002,11.7/200/-/250,C/D/A/B,4/5/5/5.5,
3/5/2023,Sunday,2.1,Physics,E12-09-016 **,8.4/45/p/250,Run Group C/FT_OFF,10.5/200/p/250,E12-10-003,10.5/80/-/250,E12-12-002,11.7/200/-/250,C/D/A/B,4/5/5/5.5,
3/6/2023,Monday,2.1,Physics,E12-09-016 **,8.4/45/p/250,Run Group C/FT_OFF,10.5/200/p/250,E12-10-003,10.5/80/-/250,E12-12-002,11.7/200/-/250,D/A/B/C,4/5/5/5.5,
3/7/2023,Tuesday,2.1,Physics,E12-09-016 **,8.4/45/p/250,Run Group C/FT_OFF,10.5/200/p/250,E12-10-003,10.5/80/-/250,E12-12-002,11.7/200/-/250,D/A/B/C,4/5/5/5.5,
3/8/2023,Wednesday,2.1,Physics,E12-09-016 **,8.4/45/p/250,Run Group C/FT_OFF,10.5/200/p/250,E12-10-003,10.5/80/-/250,E12-12-002,11.7/200/-/250,D/A/B/C,4/5/5/5.5,
3/9/2023,Thursday,2.1,Physics,E12-09-016 **,8.4/45/p/250,Run Group C/FT_OFF,10.5/200/p/250,E12-10-003,10.5/80/-/250,E12-12-002,11.7/200/-/250,D/A/B/C,4/5/5/5.5,
3/10/2023,Friday,2.1,Physics,E12-09-016 **,8.4/45/p/250,Run Group C/FT_OFF,10.5/200/p/250,E12-10-003,10.5/80/-/250,E12-12-002,11.7/200/-/250,D/A/B/C,4/5/5/5.5,
3/11/2023,Saturday,2.1,Physics,E12-09-016 **,8.4/45/p/250,Run Group C/FT_OFF,10.5/200/p/250,E12-10-003,10.5/80/-/250,E12-12-002,11.7/200/-/250,D/A/B/C,4/5/5/5.5,
3/12/2023,Sunday,2.1,Physics,E12-09-016 **,8.4/45/p/250,Run Group C/FT_OFF,10.5/200/p/250,E12-10-003,10.5/80/-/250,E12-12-002,11.7/200/-/250,D/A/B/C,4/5/5/5.5,
3/13/2023,Monday,2.1,Physics,TBD,,Run Group C/FT_OFF,10.5/200/p/250,E12-10-003,10.5/80/-/250,E12-12-002,11.7/200/-/250,B/C/D,-/5/5/5.5,
3/14/2023,Tuesday,2.1,Physics,TBD,,Run Group C/FT_OFF,10.5/200/p/250,E12-10-003,10.5/80/-/250,E12-12-002,11.7/200/-/250,B/C/D,-/5/5/5.5,
3/15/2023,Wednesday,2.1,Physics,TBD,,Run Group C/FT_OFF,10.5/200/p/250,E12-10-003,10.5/80/-/250,E12-12-002,11.7/200/-/250,B/C/D,-/5/5/5.5,
3/16/2023,Thursday,2.1,Physics,TBD,,Run Group C/FT_OFF,10.5/200/p/250,E12-10-003,10.5/80/-/250,E12-12-002,11.7/200/-/250,B/C/D,-/5/5/5.5,
3/17/2023,Friday,2.1,Physics,TBD,,Run Group C/FT_OFF,10.5/200/p/250,E12-10-003,10.5/80/-/250,E12-12-002,11.7/200/-/250,B/C/D,-/5/5/5.5,
3/18/2023,Saturday,2.1,Physics,TBD,,Run Group C/FT_OFF,10.5/200/p/250,E12-10-003,10.5/80/-/250,E12-12-002,11.7/200/-/250,B/C/D,-/5/5/5.5,
3/19/2023,Sunday,2.1,Physics,TBD,,Run Group C/FT_OFF,10.5/200/p/250,E12-10-003,10.5/80/-/250,E12-12-002,11.7/200/-/250,B/C/D,-/5/5/5.5,
3/20/2023,Monday,Beam Off At 7am,,,,,,,,,,,,
,,,,,,,,,,,,,,
,,,,,,SPRING SCHEDULED ACCELERATOR DOWN,,,,,,,,
,,,,,,,,,,,,,,
7/10/2023,Monday,2.1,Restore,,,,,,,,,,,
7/11/2023,Tuesday,2.1,Restore,,,,,,,,,,,
7/12/2023,Wednesday,2.1,Restore,,,,,,,,,,,
7/13/2023,Thursday,2.1,Restore,,,,,,,,,,,
7/14/2023,Friday,2.1,Restore,,,,,,,,,,,
7/15/2023,Saturday,2.1,Restore,,,,,,,,,,,
7/16/2023,Sunday,2.1,Restore,,,,,,,,,,,
7/17/2023,Monday,2.1,Physics,E12-17-004,4.3/40/p/500,Run Group D,10.5/200/p/500,NPS GROUP,6.3/30/p/500,Install,,A/B/C,2/5/3/-,"NPS = E12-13-010, E12-13-007 & E12-06-114"
7/18/2023,Tuesday,2.1,Physics,E12-17-004,4.3/40/p/500,Run Group D,10.5/200/p/500,NPS GROUP,6.3/30/p/500,Install,,A/B/C,2/5/3/-,Run group E needs to complete ERR
7/19/2023,Wednesday,2.1,Physics,E12-17-004,4.3/40/p/500,Run Group D,10.5/200/p/500,NPS GROUP,6.3/30/p/500,Install,,A/B/C,2/5/3/-,
7/20/2023,Thursday,2.1,Physics,E12-17-004,4.3/40/p/500,Run Group D,10.5/200/p/500,NPS GROUP,6.3/30/p/500,Install,,A/B/C,2/5/3/-,
7/21/2023,Friday,2.1,Physics,E12-17-004,4.3/40/p/500,Run Group D,10.5/200/p/500,NPS GROUP,6.3/30/p/500,Install,,A/B/C,2/5/3/-,
7/22/2023,Saturday,2.1,Physics,E12-17-004,4.3/40/p/500,Run Group D,10.5/200/p/500,NPS GROUP,6.3/30/p/500,Install,,A/B/C,2/5/3/-,
7/23/2023,Sunday,2.1,Physics,E12-17-004,4.3/40/p/500,Run Group D,10.5/200/p/500,NPS GROUP,6.3/30/p/500,Install,,A/B/C,2/5/3/-,
7/24/2023,Monday,2.1,Physics,E12-17-004,4.3/40/p/500,Run Group D,10.5/200/p/500,NPS GROUP,6.3/30/p/500,Install,,B/C/A,2/5/3/-,
7/25/2023,Tuesday,2.1,Physics,E12-17-004,4.3/40/p/500,Run Group D,10.5/200/p/500,NPS GROUP,6.3/30/p/500,Install,,B/C/A,2/5/3/-,
7/26/2023,Wednesday,2.1,Physics,E12-17-004,4.3/40/p/500,Run Group D,10.5/200/p/500,NPS GROUP,6.3/30/p/500,Install,,B/C/A,2/5/3/-,
7/27/2023,Thursday,2.1,Physics,E12-17-004,4.3/40/p/500,Run Group D,10.5/200/p/500,NPS GROUP,6.3/30/p/500,Install,,B/C/A,2/5/3/-,
7/28/2023,Friday,2.1,Physics,E12-17-004,4.3/40/p/500,Run Group D,10.5/200/p/500,NPS GROUP,6.3/30/p/500,Install,,B/C/A,2/5/3/-,
7/29/2023,Saturday,2.1,Physics,E12-17-004,4.3/40/p/500,Run Group D,10.5/200/p/500,NPS GROUP,6.3/30/p/500,Install,,B/C/A,2/5/3/-,
7/30/2023,Sunday,2.1,Physics,E12-17-004,4.3/40/p/500,Run Group D,10.5/200/p/500,NPS GROUP,6.3/30/p/500,Install,,B/C/A,2/5/3/-,
7/31/2023,Monday,2.1,Physics,E12-17-004,4.3/40/p/500,Run Group D,10.5/200/p/500,NPS GROUP,6.3/30/p/500,Install,,C/A/B,2/5/3/-,
8/1/2023,Tuesday,2.1,Physics,E12-17-004,4.3/40/p/500,Run Group D,10.5/200/p/500,NPS GROUP,6.3/30/p/500,Install,,C/A/B,2/5/3/-,
8/2/2023,Wednesday,2.1,Physics,E12-17-004,4.3/40/p/500,Run Group D,10.5/200/p/500,NPS GROUP,6.3/30/p/500,Install,,C/A/B,2/5/3/-,
8/3/2023,Thursday,2.1,Physics,E12-17-004,4.3/40/p/500,Run Group D,10.5/200/p/500,Pass Change,,Install,,C/A/B,2/5/5/-,
8/4/2023,Friday,2.1,Physics,E12-17-004,4.3/40/p/500,Run Group D,10.5/200/p/500,NPS GROUP,10.5/30/p/500,Install,,C/A/B,2/5/5/-,
8/5/2023,Saturday,2.1,Physics,E12-17-004,4.3/40/p/500,Run Group D,10.5/200/p/500,NPS GROUP,10.5/30/p/500,Install,,C/A/B,2/5/5/-,
8/6/2023,Sunday,2.1,Physics,E12-17-004,4.3/40/p/500,Run Group D,10.5/200/p/500,NPS GROUP,10.5/30/p/500,Install,,C/A/B,2/5/5/-,
8/7/2023,Monday,2.1,Physics,Reconfigure,,Run Group D,10.5/200/p/500,NPS GROUP,10.5/30/p/500,Install,,A/B/C,2/5/5/-,
8/8/2023,Tuesday,2.1,Physics,Reconfigure,,Run Group D,10.5/200/p/500,NPS GROUP,10.5/30/p/500,Install,,A/B/C,2/5/5/-,
8/9/2023,Wednesday,2.1,Physics,Commission,4.3/40/p/500,Run Group D,10.5/200/p/500,NPS GROUP,10.5/30/p/500,Install,,A/B/C,2/5/5/-,
8/10/2023,Thursday,2.1,Physics,Pass Change,,Run Group D,10.5/200/p/500,NPS GROUP,10.5/30/p/500,Install,,A/B/C,3/4/5/-,
8/11/2023,Friday,2.1,Physics,E12-20-008,6.4/10/p/500,Run Group D,10.5/200/p/500,NPS GROUP,10.5/30/p/500,Install,,A/B/C,3/4/5/-,
8/12/2023,Saturday,2.1,Physics,E12-20-008,6.4/10/p/500,Run Group D,10.5/200/p/500,NPS GROUP,10.5/30/p/500,Install,,A/B/C,3/4/5/-,
8/13/2023,Sunday,2.1,Physics,E12-20-008,6.4/10/p/500,Run Group D,10.5/200/p/500,NPS GROUP,10.5/30/p/500,Install,,A/B/C,3/4/5/-,
8/14/2023,Monday,2.1,Physics,E12-20-008,6.4/10/p/500,Run Group D,10.5/200/p/500,NPS GROUP,10.5/30/p/500,Install,,B/C,-/4/5/-,
8/15/2023,Tuesday,2.1,Physics,Installation,,Run Group D,10.5/200/p/500,NPS GROUP,10.5/30/p/500,Install,,B/C,-/4/5/-,
8/16/2023,Wednesday,2.1,Physics,Installation,,Run Group D,10.5/200/p/500,NPS GROUP,10.5/30/p/500,Install,,B/C,-/4/5/-,
8/17/2023,Thursday,2.1,Physics,Installation,,Run Group D,10.5/200/p/500,NPS GROUP,10.5/30/p/500,Install,,B/C,-/4/5/-,
8/18/2023,Friday,2.1,Physics,Installation,,Run Group D,10.5/200/p/500,NPS GROUP,10.5/30/p/500,Install,,B/C,-/4/5/-,
8/19/2023,Saturday,2.1,Physics,Installation,,Run Group D,10.5/200/p/500,NPS GROUP,10.5/30/p/500,Install,,B/C,-/4/5/-,
8/20/2023,Sunday,2.1,Physics,Installation,,Run Group D,10.5/200/p/500,NPS GROUP,10.5/30/p/500,Install,,B/C,-/4/5/-,
8/21/2023,Monday,2.1,Physics,Installation,,Run Group D,10.5/200/p/500,NPS GROUP,10.5/30/p/500,Install,,C/B,-/4/5/-,
8/22/2023,Tuesday,2.1,Physics,Installation,,Run Group D,10.5/200/p/500,NPS GROUP,10.5/30/p/500,Install,,C/B,-/4/5/-,
8/23/2023,Wednesday,2.1,Physics,Installation,,Run Group D,10.5/200/p/500,NPS GROUP,10.5/30/p/500,Install,,C/B,-/4/5/-,
8/24/2023,Thursday,2.1,Physics,Installation,,Run Group D,10.5/200/p/500,NPS GROUP,10.5/30/p/500,Install,,C/B,-/4/5/-,
8/25/2023,Friday,2.1,Physics,Installation,,Run Group D,10.5/200/p/500,NPS GROUP,10.5/30/p/500,Install,,C/B,-/4/5/-,
8/26/2023,Saturday,2.1,Physics,Installation,,Run Group D,10.5/200/p/500,NPS GROUP,10.5/30/p/500,Install,,C/B,-/4/5/-,
8/27/2023,Sunday,2.1,Physics,Installation,,Run Group D,10.5/200/p/500,NPS GROUP,10.5/30/p/500,Install,,C/B,-/4/5/-,
8/28/2023,Monday,2.1,Physics,Installation,,Run Group D,10.5/200/p/500,NPS GROUP,10.5/30/p/500,Install,,B/C,-/4/5/-,
8/29/2023,Tuesday,2.1,Physics,Installation,,Run Group D,10.5/200/p/500,NPS GROUP,10.5/30/p/500,Install,,B/C,-/4/5/-,
8/30/2023,Wednesday,2.1,Physics,Installation,,Run Group D,10.5/200/p/500,NPS GROUP,10.5/30/p/500,Install,,B/C,-/4/5/-,
8/31/2023,Thursday,2.1,Physics,Installation,,Run Group D,10.5/200/p/500,NPS GROUP,10.5/30/p/500,Install,,B/C,-/4/5/-,
9/1/2023,Friday,2.1,Physics,Installation,,Run Group D,10.5/200/p/500,NPS GROUP,10.5/30/p/500,Install,,B/C,-/4/5/-,
9/2/2023,Saturday,2.1,Physics,Installation,,Run Group D,10.5/200/p/500,NPS GROUP,10.5/30/p/500,Install,,B/C,-/4/5/-,
9/3/2023,Sunday,2.1,Physics,Installation,,Run Group D,10.5/200/p/500,NPS GROUP,10.5/30/p/500,Install,,B/C,-/4/5/-,
9/4/2023,Monday,2.1,Physics,Installation,,Run Group D,10.5/200/p/500,NPS GROUP,10.5/30/p/500,Install,,C/B,-/4/5/-,
9/5/2023,Tuesday,2.1,Physics,Installation,,Run Group D,10.5/200/p/500,NPS GROUP,10.5/30/p/500,Install,,C/B,-/4/5/-,
9/6/2023,Wednesday,2.1,Physics,Installation,,Run Group D,10.5/200/p/500,NPS GROUP,10.5/30/p/500,Install,,C/B,-/4/5/-,
9/7/2023,Thursday,2.1,Physics,Installation,,Run Group D,10.5/200/p/500,NPS GROUP,10.5/30/p/500,Install,,C/B,-/4/5/-,
9/8/2023,Friday,2.1,Physics,Installation,,Run Group D,10.5/200/p/500,NPS GROUP,10.5/30/p/500,Install,,C/B,-/4/5/-,
9/9/2023,Saturday,2.1,Physics,Installation,,Run Group D,10.5/200/p/500,NPS GROUP,10.5/30/p/500,Install,,C/B,-/4/5/-,
9/10/2023,Sunday,2.1,Physics,Installation,,Run Group D,10.5/200/p/500,NPS GROUP,10.5/30/p/500,Install,,C/B,-/4/5/-,
9/11/2023,Monday,2.1,Physics,Installation,,Run Group D,10.5/200/p/501,NPS GROUP,10.5/30/p/500,Install,,B/C,-/4/5/-,
9/12/2023,Tuesday,2.1,Physics,Installation,,Run Group D,10.5/200/p/502,NPS GROUP,10.5/30/p/500,Install,,B/C,-/4/5/-,
9/13/2023,Wednesday,2.1,Physics,Installation,,Run Group D,10.5/200/p/503,NPS GROUP,10.5/30/p/500,Install,,B/C,-/4/5/-,
9/14/2023,Thursday,2.1,Physics,Installation,,Run Group D,10.5/200/p/504,NPS GROUP,10.5/30/p/500,Install,,B/C,-/4/5/-,
9/15/2023,Friday,2.1,Physics,Installation,,Run Group D,10.5/200/p/505,NPS GROUP,10.5/30/p/500,Install,,B/C,-/4/5/-,
9/16/2023,Saturday,2.1,Physics,Installation,,Run Group D,10.5/200/p/506,NPS GROUP,10.5/30/p/500,Install,,B/C,-/4/5/-,
9/17/2023,Sunday,2.1,Physics,Installation,,Run Group D,10.5/200/p/507,NPS GROUP,10.5/30/p/500,Install,,B/C,-/4/5/-,
9/18/2023,Monday,2.1,Physics,Installation,,Reconfigure,,NPS GROUP,10.5/30/p/500,Install,,C/B,-/4/5/-,
9/19/2023,Tuesday,2.1,Physics,Installation,,Reconfigure,,NPS GROUP,10.5/30/p/500,Install,,C/B,-/4/5/-,
9/20/2023,Wednesday,2.1,Physics,Installation,,Reconfigure,,NPS GROUP,10.5/30/p/500,Install,,C/B,-/4/5/-,
9/21/2023,Thursday,2.1,Physics,Installation,,Reconfigure,,NPS GROUP,10.5/30/p/500,Install,,C/B,-/4/5/-,
9/22/2023,Friday,2.1,Physics,Installation,,Pass change,,NPS GROUP,10.5/30/p/500,Install,,C/B,-/4/5/-,
9/23/2023,Saturday,2.1,Physics,Installation,,Run Group K,8.4/200/p/500,NPS GROUP,10.5/30/p/500,Install,,C/B,-/4/5/-,
9/24/2023,Sunday,2.1,Physics,Installation,,Run Group K,8.4/200/p/500,NPS GROUP,10.5/30/p/500,Install,,C/B,-/4/5/-,
9/25/2023,Monday,2.1,Physics,Installation,,Run Group K,8.4/200/p/500,NPS GROUP,10.5/30/p/500,Install,,B/C,-/4/5/-,
9/26/2023,Tuesday,2.1,Physics,Installation,,Run Group K,8.4/200/p/500,NPS GROUP,10.5/30/p/500,Install,,B/C,-/4/5/-,
9/27/2023,Wednesday,2.1,Physics,Installation,,Run Group K,8.4/200/p/500,NPS GROUP,10.5/30/p/500,Install,,B/C,-/4/5/-,
9/28/2023,Thursday,2.1,Physics,Installation,,Run Group K,8.4/200/p/500,NPS GROUP,10.5/30/p/500,Install,,B/C,-/4/5/-,
9/29/2023,Friday,2.1,Physics,Installation,,Run Group K,8.4/200/p/500,NPS GROUP,10.5/30/p/500,Install,,B/C,-/4/5/-,
9/30/2023,Saturday,2.1,Physics,Installation,,Run Group K,8.4/200/p/500,NPS GROUP,10.5/30/p/500,Install,,B/C,-/4/5/-,
10/1/2023,Sunday,2.1,Physics,Installation,,Run Group K,8.4/200/p/500,NPS GROUP,10.5/30/p/500,Install,,B/C,-/4/5/-,Start of new Fiscal Year (FY24)
10/2/2023,Monday,2.1,Physics,Installation,,Run Group K,8.4/200/p/500,NPS GROUP,10.5/30/p/500,Install,,C/B,-/4/5/-,
10/3/2023,Tuesday,2.1,Physics,Installation,,Run Group K,8.4/200/p/500,NPS GROUP,10.5/30/p/500,Install,,C/B,-/4/5/-,
10/4/2023,Wednesday,2.1,Physics,Installation,,Run Group K,8.4/200/p/500,NPS GROUP,10.5/30/p/500,Install,,C/B,-/4/5/-,
10/5/2023,Thursday,2.1,Physics,Installation,,Run Group K,8.4/200/p/500,NPS GROUP,10.5/30/p/500,Install,,C/B,-/4/5/-,
10/6/2023,Friday,2.1,Physics,Installation,,Run Group K,8.4/200/p/500,NPS GROUP,10.5/30/p/500,Install,,C/B,-/4/5/-,
10/7/2023,Saturday,2.1,Physics,Installation,,Run Group K,8.4/200/p/500,NPS GROUP,10.5/30/p/500,Install,,C/B,-/4/5/-,
10/8/2023,Sunday,2.1,Physics,Installation,,Run Group K,8.4/200/p/500,NPS GROUP,10.5/30/p/500,Install,,C/B,-/4/5/-,
10/9/2023,Monday,2.1,Physics,Installation,,Run Group K,8.4/200/p/500,NPS GROUP,10.5/30/p/500,Install,,B/C,-/4/5/-,
10/10/2023,Tuesday,2.1,Physics,Installation,,Run Group K,8.4/200/p/500,NPS GROUP,10.5/30/p/500,Install,,B/C,-/4/5/-,
10/11/2023,Wednesday,2.1,Physics,Installation,,Run Group K,8.4/200/p/500,NPS GROUP,10.5/30/p/500,Install,,B/C,-/4/5/-,
10/12/2023,Thursday,2.1,Physics,Installation,,Run Group K,8.4/200/p/500,NPS GROUP,10.5/30/p/500,Install,,B/C,-/4/5/-,
10/13/2023,Friday,2.1,Physics,Installation,,Run Group K,8.4/200/p/500,NPS GROUP,10.5/30/p/500,Install,,B/C,-/4/5/-,
10/14/2023,Saturday,2.1,Physics,Installation,,Run Group K,8.4/200/p/500,NPS GROUP,10.5/30/p/500,Install,,B/C,-/4/5/-,
10/15/2023,Sunday,2.1,Physics,Installation,,Run Group K,8.4/200/p/500,NPS GROUP,10.5/30/p/500,Install,,B/C,-/4/5/-,
10/16/2023,Monday,2.1,Physics,Installation,,Run Group K,8.4/200/p/500,NPS GROUP,10.5/30/p/500,Install,,C/B,-/4/5/-,
10/17/2023,Tuesday,2.1,Physics,Installation,,Run Group K,8.4/200/p/500,NPS GROUP,10.5/30/p/500,Install,,C/B,-/4/5/-,
10/18/2023,Wednesday,2.1,Physics,Installation,,Run Group K,8.4/200/p/500,NPS GROUP,10.5/30/p/500,Install,,C/B,-/4/5/-,
10/19/2023,Thursday,2.1,Physics,Installation,,Run Group K,8.4/200/p/500,NPS GROUP,10.5/30/p/500,Install,,C/B,-/4/5/-,
10/20/2023,Friday,2.1,Physics,Installation,,Run Group K,8.4/200/p/500,NPS GROUP,10.5/30/p/500,Install,,C/B,-/4/5/-,
10/21/2023,Saturday,2.1,Physics,Installation,,Run Group K,8.4/200/p/500,NPS GROUP,10.5/30/p/500,Install,,C/B,-/4/5/-,
10/22/2023,Sunday,2.1,Physics,Installation,,Run Group K,8.4/200/p/500,NPS GROUP,10.5/30/p/500,Install,,C/B,-/4/5/-,
10/23/2023,Monday,2.1,Physics,E12-07-109 **,6.4/70/p/500,Run Group K,8.4/200/p/500,NPS GROUP,10.5/30/p/500,Install,,A/B/C,3/4/5/-,GEP-V E12-07-109 needs to schedule its ERR
10/24/2023,Tuesday,2.1,Physics,E12-07-109 **,6.4/70/p/500,Run Group K,8.4/200/p/500,NPS GROUP,10.5/30/p/500,Install,,A/B/C,3/4/5/-,
10/25/2023,Wednesday,2.1,Physics,E12-07-109 **,6.4/70/p/500,Run Group K,8.4/200/p/500,NPS GROUP,10.5/30/p/500,Install,,A/B/C,3/4/5/-,
10/26/2023,Thursday,2.1,Physics,E12-07-109 **,6.4/70/p/500,Run Group K,8.4/200/p/500,NPS GROUP,10.5/30/p/500,Install,,A/B/C,3/4/5/-,
10/27/2023,Friday,2.1,Physics,E12-07-109 **,6.4/70/p/500,Run Group K,8.4/200/p/500,NPS GROUP,10.5/30/p/500,Install,,A/B/C,3/4/5/-,
10/28/2023,Saturday,2.1,Physics,E12-07-109 **,6.4/70/p/500,Run Group K,8.4/200/p/500,NPS GROUP,10.5/30/p/500,Install,,A/B/C,3/4/5/-,
10/29/2023,Sunday,2.1,Physics,E12-07-109 **,6.4/70/p/500,Run Group K,8.4/200/p/500,NPS GROUP,10.5/30/p/500,Install,,A/B/C,3/4/5/-,
10/30/2023,Monday,2.1,Physics,Pass change,,Pass change,,NPS GROUP,10.5/30/p/500,Install,,B/C/A,4/3/5/-,
10/31/2023,Tuesday,2.1,Physics,E12-07-109 **,8/4/70/p/500,Run Group K,6.4/200/p/500,NPS GROUP,10.5/30/p/500,Install,,B/C/A,4/3/5/-,
11/1/2023,Wednesday,2.1,Physics,E12-07-109 **,8/4/70/p/500,Run Group K,6.4/200/p/500,NPS GROUP,10.5/30/p/500,Install,,B/C/A,4/3/5/-,
11/2/2023,Thursday,2.1,Physics,E12-07-109 **,8/4/70/p/500,Run Group K,6.4/200/p/500,NPS GROUP,10.5/30/p/500,Install,,B/C/A,4/3/5/-,
11/3/2023,Friday,2.1,Physics,E12-07-109 **,8/4/70/p/500,Run Group K,6.4/200/p/500,NPS GROUP,10.5/30/p/500,Install,,B/C/A,4/3/5/-,
11/4/2023,Saturday,2.1,Physics,E12-07-109 **,8/4/70/p/500,Run Group K,6.4/200/p/500,NPS GROUP,10.5/30/p/500,Install,,B/C/A,4/3/5/-,
11/5/2023,Sunday,2.1,Physics,E12-07-109 **,8/4/70/p/500,Run Group K,6.4/200/p/500,NPS GROUP,10.5/30/p/500,Install,,B/C/A,4/3/5/-,
11/6/2023,Monday,2.1,Physics,E12-07-109 **,8/4/70/p/500,Run Group K,6.4/200/p/500,NPS GROUP,10.5/30/p/500,Install,,C/A/B,4/3/5/-,
11/7/2023,Tuesday,2.1,Physics,E12-07-109 **,8/4/70/p/500,Run Group K,6.4/200/p/500,NPS GROUP,10.5/30/p/500,Install,,C/A/B,4/3/5/-,
11/8/2023,Wednesday,2.1,Physics,E12-07-109 **,8/4/70/p/500,Run Group K,6.4/200/p/500,NPS GROUP,10.5/30/p/500,Install,,C/A/B,4/3/5/-,
11/9/2023,Thursday,2.1,Physics,E12-07-109 **,8/4/70/p/500,Run Group K,6.4/200/p/500,NPS GROUP,10.5/30/p/500,Install,,C/A/B,4/3/5/-,
11/10/2023,Friday,2.1,Physics,E12-07-109 **,8/4/70/p/500,Run Group K,6.4/200/p/500,NPS GROUP,10.5/30/p/500,Install,,C/A/B,4/3/5/-,
11/11/2023,Saturday,2.1,Physics,E12-07-109 **,8/4/70/p/500,Run Group K,6.4/200/p/500,NPS GROUP,10.5/30/p/500,Install,,C/A/B,4/3/5/-,
11/12/2023,Sunday,2.1,Physics,E12-07-109 **,8/4/70/p/500,Run Group K,6.4/200/p/500,NPS GROUP,10.5/30/p/500,Install,,C/A/B,4/3/5/-,
11/13/2023,Monday,2.1,Physics,E12-07-109 **,8/4/70/p/500,Run Group K,6.4/200/p/500,NPS GROUP,10.5/30/p/500,Install,,A/B/C,4/3/5/-,
11/14/2023,Tuesday,2.1,Physics,E12-07-109 **,8/4/70/p/500,Run Group K,6.4/200/p/500,NPS GROUP,10.5/30/p/500,Install,,A/B/C,4/3/5/-,
11/15/2023,Wednesday,2.1,Physics,E12-07-109 **,8/4/70/p/500,Run Group K,6.4/200/p/500,NPS GROUP,10.5/30/p/500,Install,,A/B/C,4/3/5/-,
11/16/2023,Thursday,2.1,Physics,E12-07-109 **,8/4/70/p/500,Run Group K,6.4/200/p/500,NPS GROUP,10.5/30/p/500,Install,,A/B/C,4/3/5/-,
11/17/2023,Friday,2.1,Physics,E12-07-109 **,8/4/70/p/500,Run Group K,6.4/200/p/500,NPS GROUP,10.5/30/p/500,Install,,A/B/C,4/3/5/-,
11/18/2023,Saturday,2.1,Physics,E12-07-109 **,8/4/70/p/500,Run Group K,6.4/200/p/500,NPS GROUP,10.5/30/p/500,Install,,A/B/C,4/3/5/-,
11/19/2023,Sunday,2.1,Physics,E12-07-109 **,8/4/70/p/500,Run Group K,6.4/200/p/500,NPS GROUP,10.5/30/p/500,Install,,A/B/C,4/3/5/-,
11/20/2023,Monday,2.1,Physics,E12-07-109 **,8/4/70/p/500,Run Group K,6.4/200/p/500,NPS GROUP,10.5/30/p/500,Install,,B/C/A,4/3/5/-,
11/21/2023,Tuesday,2.1,Physics,E12-07-109 **,8/4/70/p/500,Run Group K,6.4/200/p/500,NPS GROUP,10.5/30/p/500,Install,,B/C/A,4/3/5/-,
11/22/2023,Wednesday,2.1,Physics,E12-07-109 **,8/4/70/p/500,Run Group K,6.4/200/p/500,NPS GROUP,10.5/30/p/500,Install,,B/C/A,4/3/5/-,
11/23/2023,Thursday,2.1,Physics,E12-07-109 **,8/4/70/p/500,Run Group K,6.4/200/p/500,NPS GROUP,10.5/30/p/500,Install,,B/C/A,4/3/5/-,
11/24/2023,Friday,2.1,Physics,E12-07-109 **,8/4/70/p/500,Run Group K,6.4/200/p/500,NPS GROUP,10.5/30/p/500,Install,,B/C/A,4/3/5/-,
11/25/2023,Saturday,2.1,Physics,Pass change,,Run Group K,6.4/200/p/500,NPS GROUP,10.5/30/p/500,Install,,B/C/A,4/3/5/-,
11/26/2023,Sunday,2.1,Physics,E12-07-109 **,10.5/70/p/500,Run Group K,6.4/200/p/500,NPS GROUP,10.5/30/p/500,Install,,B/C/A,5/3/5/-,
11/27/2023,Monday,2.1,Physics,E12-07-109 **,10.5/70/p/500,Run Group K,6.4/200/p/500,NPS GROUP,10.5/30/p/500,Install,,C/A/B,5/3/5/-,
11/28/2023,Tuesday,2.1,Physics,E12-07-109 **,10.5/70/p/500,Run Group K,6.4/200/p/500,NPS GROUP,10.5/30/p/500,Install,,C/A/B,5/3/5/-,
11/29/2023,Wednesday,2.1,Physics,E12-07-109 **,10.5/70/p/500,Run Group K,6.4/200/p/500,Pass change,,Install,,C/A/B,5/3/4/-,
11/30/2023,Thursday,2.1,Physics,E12-07-109 **,10.5/70/p/500,Run Group K,6.4/200/p/500,NPS GROUP,8.4/30/p/500,Install,,C/A/B,5/3/4/-,
12/1/2023,Friday,2.1,Physics,E12-07-109 **,10.5/70/p/500,Run Group K,6.4/200/p/500,NPS GROUP,8.4/30/p/500,Install,,C/A/B,5/3/4/-,
12/2/2023,Saturday,2.1,Physics,E12-07-109 **,10.5/70/p/500,Run Group K,6.4/200/p/500,NPS GROUP,8.4/30/p/500,Install,,C/A/B,5/3/4/-,
12/3/2023,Sunday,2.1,Physics,E12-07-109 **,10.5/70/p/500,Run Group K,6.4/200/p/500,NPS GROUP,8.4/30/p/500,Install,,C/A/B,5/3/4/-,
12/4/2023,Monday,2.1,Physics,E12-07-109 **,10.5/70/p/500,Run Group K,6.4/200/p/500,NPS GROUP,8.4/30/p/500,Install,,A/B/C,5/3/4/-,
12/5/2023,Tuesday,2.1,Physics,E12-07-109 **,10.5/70/p/500,Run Group K,6.4/200/p/500,NPS GROUP,8.4/30/p/500,Install,,A/B/C,5/3/4/-,
12/6/2023,Wednesday,2.1,Physics,E12-07-109 **,10.5/70/p/500,Run Group K,6.4/200/p/500,NPS GROUP,8.4/30/p/500,Install,,A/B/C,5/3/4/-,
12/7/2023,Thursday,2.1,Physics,E12-07-109 **,10.5/70/p/500,Run Group K,6.4/200/p/500,NPS GROUP,8.4/30/p/500,Install,,A/B/C,5/3/4/-,
12/8/2023,Friday,2.1,Physics,E12-07-109 **,10.5/70/p/500,Run Group K,6.4/200/p/500,NPS GROUP,8.4/30/p/500,Install,,A/B/C,5/3/4/-,
12/9/2023,Saturday,2.1,Physics,E12-07-109 **,10.5/70/p/500,Run Group K,6.4/200/p/500,NPS GROUP,8.4/30/p/500,Install,,A/B/C,5/3/4/-,
12/10/2023,Sunday,2.1,Physics,E12-07-109 **,10.5/70/p/500,Run Group K,6.4/200/p/500,NPS GROUP,8.4/30/p/500,Install,,A/B/C,5/3/4/-,
12/11/2023,Monday,2.1,Physics,E12-07-109 **,10.5/70/p/500,Run Group K,6.4/200/p/500,NPS GROUP,8.4/30/p/500,Install,,B/C/A,5/3/4/-,
12/12/2023,Tuesday,2.1,Physics,E12-07-109 **,10.5/70/p/500,Run Group K,6.4/200/p/500,NPS GROUP,8.4/30/p/500,Install,,B/C/A,5/3/4/-,
12/13/2023,Wednesday,2.1,Physics,E12-07-109 **,10.5/70/p/500,Run Group K,6.4/200/p/500,NPS GROUP,8.4/30/p/500,Install,,B/C/A,5/3/4/-,
12/14/2023,Thursday,2.1,Physics,E12-07-109 **,10.5/70/p/500,Run Group K,6.4/200/p/500,NPS GROUP,8.4/30/p/500,Install,,B/C/A,5/3/4/-,
12/15/2023,Friday,2.1,Physics,E12-07-109 **,10.5/70/p/500,Run Group K,6.4/200/p/500,NPS GROUP,8.4/30/p/500,Install,,B/C/A,5/3/4/-,
12/16/2023,Saturday,2.1,Physics,E12-07-109 **,10.5/70/p/500,Run Group K,6.4/200/p/500,NPS GROUP,8.4/30/p/500,Install,,B/C/A,5/3/4/-,
12/17/2023,Sunday,2.1,Physics,E12-07-109 **,10.5/70/p/500,Run Group K,6.4/200/p/500,NPS GROUP,8.4/30/p/500,Install,,B/C/A,5/3/4/-,
12/18/2023,Monday,,End Beam at 7am,,47,Reconfigure,,,,Install,,,,
12/19/2023,Tuesday,,,,,Reconfigure,,,,Install,,,,
12/20/2023,Wednesday,,,,,Reconfigure,,,,Install,,,,
12/21/2023,Thursday,,,,,Reconfigure,,,,Install,,,,
12/22/2023,Friday,,Winter Break,,,,,,,,,,,
12/23/2023,Saturday,,Winter Break,,,,,,,,,,,
12/24/2023,Sunday,,Winter Break,,,,,,,,,,,
12/25/2023,Monday,,Winter Break,,,,,,,,,,,
12/26/2023,Tuesday,,Winter Break,,,,,,,,,,,
12/27/2023,Wednesday,,Winter Break,,,,,,,,,,,
12/28/2023,Thursday,,Winter Break,,,,,,,,,,,
12/29/2023,Friday,,Winter Break,,,,,,,,,,,
12/30/2023,Saturday,,Winter Break,,,,,,,,,,,
12/31/2023,Sunday,,Winter Break,,,,,,,,,,,
1/1/2024,Monday,,Winter Break,,,,,,,,,,,
1/2/2024,Tuesday,,,,,Reconfigure,,,,Install,,,,
1/3/2024,Wednesday,,,,,Reconfigure,,,,Install,,,,
1/4/2024,Thursday,,,,,Reconfigure,,,,Install,,,,
1/5/2024,Friday,,,,,Reconfigure,,,,Install,,,,
1/6/2024,Saturday,,,,,Reconfigure,,,,Install,,,,
1/7/2024,Sunday,,,,,Reconfigure,,,,Install,,,,
1/8/2024,Monday,2.1,Restore,,,Reconfigure,,,,Install,,,,
1/9/2024,Tuesday,2.1,Restore,,,Reconfigure,,,,Install,,,,
1/10/2024,Wednesday,2.1,Restore,,,Reconfigure,,,,Install,,,,
1/11/2024,Thursday,2.1,Restore,,,Reconfigure,,,,Install,,,,
1/12/2024,Friday,2.1,Restore,,,Reconfigure,,,,Install,,,,
1/13/2024,Saturday,2.1,Restore,,,Reconfigure,,,,Install,,,,
1/14/2024,Sunday,2.1,Restore,,,Reconfigure,,,,Install,,,,
1/15/2024,Monday,2.1,Physics,E12-07-109 **,10.5/70/p/500,Run Group E **,10.5/200/-/500,NPS GROUP,8.4/30/p/500,Install,,C/A/B,5/5/4/-,** = needs to complete ERR
1/16/2024,Tuesday,2.1,Physics,E12-07-109 **,10.5/70/p/500,Run Group E **,10.5/200/-/500,NPS GROUP,8.4/30/p/500,Install,,C/A/B,5/5/4/-,
1/17/2024,Wednesday,2.1,Physics,E12-07-109 **,10.5/70/p/500,Run Group E **,10.5/200/-/500,NPS GROUP,8.4/30/p/500,Install,,C/A/B,5/5/4/-,
1/18/2024,Thursday,2.1,Physics,E12-07-109 **,10.5/70/p/500,Run Group E **,10.5/200/-/500,NPS GROUP,8.4/30/p/500,Install,,C/A/B,5/5/4/-,
1/19/2024,Friday,2.1,Physics,E12-07-109 **,10.5/70/p/500,Run Group E **,10.5/200/-/500,NPS GROUP,8.4/30/p/500,Install,,C/A/B,5/5/4/-,
1/20/2024,Saturday,2.1,Physics,E12-07-109 **,10.5/70/p/500,Run Group E **,10.5/200/-/500,NPS GROUP,8.4/30/p/500,Install,,C/A/B,5/5/4/-,
1/21/2024,Sunday,2.1,Physics,E12-07-109 **,10.5/70/p/500,Run Group E **,10.5/200/-/500,NPS GROUP,8.4/30/p/500,Install,,C/A/B,5/5/4/-,
1/22/2024,Monday,2.1,Physics,E12-07-109 **,10.5/70/p/500,Run Group E **,10.5/200/-/500,NPS GROUP,8.4/30/p/500,Install,,A/B/C,5/5/4/-,
1/23/2024,Tuesday,2.1,Physics,E12-07-109 **,10.5/70/p/500,Run Group E **,10.5/200/-/500,NPS GROUP,8.4/30/p/500,Install,,A/B/C,5/5/4/-,
1/24/2024,Wednesday,2.1,Physics,E12-07-109 **,10.5/70/p/500,Run Group E **,10.5/200/-/500,NPS GROUP,8.4/30/p/500,Install,,A/B/C,5/5/4/-,
1/25/2024,Thursday,2.1,Physics,E12-07-109 **,10.5/70/p/500,Run Group E **,10.5/200/-/500,NPS GROUP,8.4/30/p/500,Install,,A/B/C,5/5/4/-,
1/26/2024,Friday,2.1,Physics,E12-07-109 **,10.5/70/p/500,Run Group E **,10.5/200/-/500,NPS GROUP,8.4/30/p/500,Install,,A/B/C,5/5/4/-,
1/27/2024,Saturday,2.1,Physics,E12-07-109 **,10.5/70/p/500,Run Group E **,10.5/200/-/500,NPS GROUP,8.4/30/p/500,Install,,A/B/C,5/5/4/-,
1/28/2024,Sunday,2.1,Physics,E12-07-109 **,10.5/70/p/500,Run Group E **,10.5/200/-/500,NPS GROUP,8.4/30/p/500,Install,,A/B/C,5/5/4/-,
1/29/2024,Monday,2.1,Physics,E12-07-109 **,10.5/70/p/500,Run Group E **,10.5/200/-/500,NPS GROUP,8.4/30/p/500,Install,,B/C/A,5/5/4/-,
1/30/2024,Tuesday,2.1,Physics,E12-07-109 **,10.5/70/p/500,Run Group E **,10.5/200/-/500,NPS GROUP,8.4/30/p/500,Install,,B/C/A,5/5/4/-,
1/31/2024,Wednesday,2.1,Physics,E12-07-109 **,10.5/70/p/500,Run Group E **,10.5/200/-/500,NPS GROUP,8.4/30/p/500,Install,,B/C/A,5/5/4/-,
2/1/2024,Thursday,2.1,Physics,E12-07-109 **,10.5/70/p/500,Run Group E **,10.5/200/-/500,NPS GROUP,8.4/30/p/500,Install,,B/C/A,5/5/4/-,
2/2/2024,Friday,2.1,Physics,E12-07-109 **,10.5/70/p/500,Run Group E **,10.5/200/-/500,NPS GROUP,8.4/30/p/500,Install,,B/C/A,5/5/4/-,
2/3/2024,Saturday,2.1,Physics,E12-07-109 **,10.5/70/p/500,Run Group E **,10.5/200/-/500,NPS GROUP,8.4/30/p/500,Install,,B/C/A,5/5/4/-,
2/4/2024,Sunday,2.1,Physics,E12-07-109 **,10.5/70/p/500,Run Group E **,10.5/200/-/500,NPS GROUP,8.4/30/p/500,Install,,B/C/A,5/5/4/-,
2/5/2024,Monday,2.1,Physics,E12-07-109 **,10.5/70/p/500,Run Group E **,10.5/200/-/500,NPS GROUP,8.4/30/p/500,Install,,C/A/B,5/5/4/-,
2/6/2024,Tuesday,2.1,Physics,E12-07-109 **,10.5/70/p/500,Run Group E **,10.5/200/-/500,NPS GROUP,8.4/30/p/500,Install,,C/A/B,5/5/4/-,
2/7/2024,Wednesday,2.1,Physics,E12-07-109 **,10.5/70/p/500,Run Group E **,10.5/200/-/500,NPS GROUP,8.4/30/p/500,Install,,C/A/B,5/5/4/-,
2/8/2024,Thursday,2.1,Physics,E12-07-109 **,10.5/70/p/500,Run Group E **,10.5/200/-/500,NPS GROUP,8.4/30/p/500,Install,,C/A/B,5/5/4/-,
2/9/2024,Friday,2.1,Physics,E12-07-109 **,10.5/70/p/500,Run Group E **,10.5/200/-/500,NPS GROUP,8.4/30/p/500,Install,,C/A/B,5/5/4/-,
2/10/2024,Saturday,2.1,Physics,E12-07-109 **,10.5/70/p/500,Run Group E **,10.5/200/-/500,NPS GROUP,8.4/30/p/500,Install,,C/A/B,5/5/4/-,
2/11/2024,Sunday,2.1,Physics,E12-07-109 **,10.5/70/p/500,Run Group E **,10.5/200/-/500,NPS GROUP,8.4/30/p/500,Install,,C/A/B,5/5/4/-,
2/12/2024,Monday,2.1,Physics,E12-07-109 **,10.5/70/p/500,Run Group E **,10.5/200/-/500,NPS GROUP,8.4/30/p/500,Install,,A/B/C,5/5/4/-,
2/13/2024,Tuesday,2.1,Physics,E12-07-109 **,10.5/70/p/500,Run Group E **,10.5/200/-/500,NPS GROUP,8.4/30/p/500,Install,,A/B/C,5/5/4/-,
2/14/2024,Wednesday,2.1,Physics,E12-07-109 **,10.5/70/p/500,Run Group E **,10.5/200/-/500,NPS GROUP,8.4/30/p/500,Install,,A/B/C,5/5/4/-,
2/15/2024,Thursday,2.1,Physics,E12-07-109 **,10.5/70/p/500,Run Group E **,10.5/200/-/500,NPS GROUP,8.4/30/p/500,Install,,A/B/C,5/5/4/-,
2/16/2024,Friday,2.1,Physics,E12-07-109 **,10.5/70/p/500,Run Group E **,10.5/200/-/500,Reconfigure,,Install,,A/B/C,5/5/4/-,
2/17/2024,Saturday,2.1,Physics,E12-07-109 **,10.5/70/p/500,Run Group E **,10.5/200/-/500,Reconfigure,,Install,,A/B/C,5/5/4/-,
2/18/2024,Sunday,2.1,Physics,E12-07-109 **,10.5/70/p/500,Run Group E **,10.5/200/-/500,Reconfigure,,Install,,A/B/C,5/5/4/-,
2/19/2024,Monday,2.1,Physics,E12-07-109 **,10.5/70/p/500,Run Group E **,10.5/200/-/500,Reconfigure,,Install,,B/C/A,5/5/4/-,
2/20/2024,Tuesday,2.1,Physics,E12-07-109 **,10.5/70/p/500,Run Group E **,10.5/200/-/500,Reconfigure,,Install,,B/C/A,5/5/4/-,
2/21/2024,Wednesday,2.1,Physics,E12-07-109 **,10.5/70/p/500,Run Group E **,10.5/200/-/500,Reconfigure,,Install,,B/C/A,5/5/4/-,
2/22/2024,Thursday,2.1,Physics,E12-07-109 **,10.5/70/p/500,Run Group E **,10.5/200/-/500,Reconfigure,,Install,,B/C/A,5/5/4/-,
2/23/2024,Friday,2.1,Physics,E12-07-109 **,10.5/70/p/500,Run Group E **,10.5/200/-/500,Reconfigure,,Install,,B/C/A,5/5/4/-,
2/24/2024,Saturday,2.1,Physics,E12-07-109 **,10.5/70/p/500,Run Group E **,10.5/200/-/500,Reconfigure,,Install,,B/C/A,5/5/4/-,
2/25/2024,Sunday,2.1,Physics,E12-07-109 **,10.5/70/p/500,Run Group E **,10.5/200/-/500,Reconfigure,,Install,,B/C/A,5/5/4/-,
2/26/2024,Monday,2.1,Physics,E12-07-109 **,10.5/70/p/500,Run Group E **,10.5/200/-/500,E12-14-003 & 005,8.4/30/-/500,Install,,C/A/B,5/5/4/-,
2/27/2024,Tuesday,2.1,Physics,E12-07-109 **,10.5/70/p/500,Run Group E **,10.5/200/-/500,E12-14-003 & 005,8.4/30/-/500,Install,,C/A/B,5/5/4/-,
2/28/2024,Wednesday,2.1,Physics,E12-07-109 **,10.5/70/p/500,Run Group E **,10.5/200/-/500,E12-14-003 & 005,8.4/30/-/500,Install,,C/A/B,5/5/4/-,
2/29/2024,Thursday,2.1,Physics,E12-07-109 **,10.5/70/p/500,Run Group E **,10.5/200/-/500,E12-14-003 & 005,8.4/30/-/500,Install,,C/A/B,5/5/4/-,
3/1/2024,Friday,2.1,Physics,E12-07-109 **,10.5/70/p/500,Run Group E **,10.5/200/-/500,E12-14-003 & 005,8.4/30/-/500,Install,,C/A/B,5/5/4/-,
3/2/2024,Saturday,2.1,Physics,E12-07-109 **,10.5/70/p/500,Run Group E **,10.5/200/-/500,E12-14-003 & 005,8.4/30/-/500,Install,,C/A/B,5/5/4/-,
3/3/2024,Sunday,2.1,Physics,E12-07-109 **,10.5/70/p/500,Run Group E **,10.5/200/-/500,Pass change,,Install,,C/A/B,5/5/5/-,
3/4/2024,Monday,2.1,Physics,E12-07-109 **,10.5/70/p/500,Run Group E **,10.5/200/-/500,E12-14-003 & 005,10.5/30/-/500,Install,,A/B/C,5/5/5/-,
3/5/2024,Tuesday,2.1,Physics,E12-07-109 **,10.5/70/p/500,Run Group E **,10.5/200/-/500,E12-14-003 & 005,10.5/30/-/500,Install,,A/B/C,5/5/5/-,
3/6/2024,Wednesday,2.1,Physics,E12-07-109 **,10.5/70/p/500,Run Group E **,10.5/200/-/500,E12-14-003 & 005,10.5/30/-/500,Install,,A/B/C,5/5/5/-,
3/7/2024,Thursday,2.1,Physics,E12-07-109 **,10.5/70/p/500,Run Group E **,10.5/200/-/500,E12-14-003 & 005,10.5/30/-/500,Install,,A/B/C,5/5/5/-,
3/8/2024,Friday,2.1,Physics,E12-07-109 **,10.5/70/p/500,Run Group E **,10.5/200/-/500,E12-14-003 & 005,10.5/30/-/500,Install,,A/B/C,5/5/5/-,
3/9/2024,Saturday,2.1,Physics,E12-07-109 **,10.5/70/p/500,Run Group E **,10.5/200/-/500,E12-14-003 & 005,10.5/30/-/500,Install,,A/B/C,5/5/5/-,
3/10/2024,Sunday,2.1,Physics,E12-07-109 **,10.5/70/p/500,Run Group E **,10.5/200/-/500,E12-14-003 & 005,10.5/30/-/500,Install,,A/B/C,5/5/5/-,
3/11/2024,Monday,2.1,Physics,E12-07-109 **,10.5/70/p/500,Run Group E **,10.5/200/-/500,E12-14-003 & 005,10.5/30/-/500,Install,,B/C/A,5/5/5/-,
3/12/2024,Tuesday,2.1,Physics,E12-07-109 **,10.5/70/p/500,Run Group E **,10.5/200/-/500,E12-14-003 & 005,10.5/30/-/500,Install,,B/C/A,5/5/5/-,
3/13/2024,Wednesday,2.1,Physics,E12-07-109 **,10.5/70/p/500,Run Group E **,10.5/200/-/500,E12-14-003 & 005,10.5/30/-/500,Install,,B/C/A,5/5/5/-,
3/14/2024,Thursday,2.1,Physics,E12-07-109 **,10.5/70/p/500,Run Group E **,10.5/200/-/500,E12-14-003 & 005,10.5/30/-/500,Install,,B/C/A,5/5/5/-,
3/15/2024,Friday,2.1,Physics,E12-07-109 **,10.5/70/p/500,Run Group E **,10.5/200/-/500,E12-14-003 & 005,10.5/30/-/500,Install,,B/C/A,5/5/5/-,
3/16/2024,Saturday,2.1,Physics,E12-07-109 **,10.5/70/p/500,Run Group E **,10.5/200/-/500,E12-14-003 & 005,10.5/30/-/500,Install,,B/C/A,5/5/5/-,
3/17/2024,Sunday,2.1,Physics,E12-07-109 **,10.5/70/p/500,Run Group E **,10.5/200/-/500,E12-14-003 & 005,10.5/30/-/500,Install,,B/C/A,5/5/5/-,
3/18/2024,Monday,,Beam off at 7am,,,,,,,,,,,