Date,Weekday,(GeV/Pass),Operation Status,Hall A Exp,Hall A Params,Hall B Exp,Hall B Params,Hall C Exp,Hall C Params,Hall D Exp,Hall D Params,Priority,Pass,Notes
,,(GeV/pass),Status,Experiment,GeV/mA/Pol/MHz,Experiment,GeV/nA/Pol/MHz,Experiment,GeV/mA/Pol/MHz,Experiment,GeV/nA/Pol/MHz,Hall,A/B/C/D,
06/01/2022,Wednesday,2.1,Restore,Install,,,,,,,,,,
06/02/2022,Thursday,2.1,Restore,Install,,,,,,,,,,
06/03/2022,Friday,2.1,Restore,Install,,,,Lockup,,,,,,
06/04/2022,Saturday,2.1,Restore,Install,,,,High Current Tests,,,,,,
06/05/2022,Sunday,2.1,Restore,Install,,,,High Current Tests,,,,,,
06/06/2022,Monday,2.1,Restore,Install,,,,High Current Tests,,,,,,
06/07/2022,Tuesday,2.1,Restore,Install,,,,High Current Tests,,,,,,
06/08/2022,Wednesday,2.1,Physics,Install,,Run Group C,2.2/200/p/500,E12-19-006,10.5/80/-/250,E12-13-008/A,11.7/60/-/250,B/C/D,-/1/5/5.5,
06/09/2022,Thursday,2.1,Physics,Install,,Run Group C,2.2/200/p/500,E12-19-006,10.5/80/-/250,E12-13-008/A,11.7/60/-/250,B/C/D,-/1/5/5.5,
06/10/2022,Friday,2.1,Physics,Install,,Run Group C,2.2/200/p/500,E12-19-006,10.5/80/-/250,E12-13-008/A,11.7/60/-/250,B/C/D,-/1/5/5.5,
06/11/2022,Saturday,2.1,Physics,Install,,Run Group C,2.2/200/p/500,E12-19-006,10.5/80/-/250,E12-13-008/A,11.7/60/-/250,C/D/B,-/1/5/5.5,
06/12/2022,Sunday,2.1,Physics,Install,,Run Group C,2.2/200/p/500,E12-19-006,10.5/80/-/250,E12-13-008/A,11.7/60/-/250,C/D/B,-/1/5/5.5,
06/13/2022,Monday,2.1,Physics,Install,,Pass change,,E12-19-006,10.5/80/-/250,E12-13-008/A,11.7/60/-/250,C/D/B,-/5/5/5.5,
06/14/2022,Tuesday,2.1,Physics,Install,,RUN GROUP C/FT_ON,10.5/200.0/p/250,E12-19-006,10.5/80/-/250,E12-13-008/A,11.7/60/-/250,D/B/C,-/5/5/5.5,
06/15/2022,Wednesday,2.1,Physics,Install,,RUN GROUP C/FT_ON,10.5/200.0/p/250,E12-19-006,10.5/80/-/250,E12-13-008/A,11.7/60/-/250,D/B/C,-/5/5/5.5,
06/16/2022,Thursday,2.1,Physics,Install,,RUN GROUP C/FT_ON,10.5/200.0/p/250,E12-19-006,10.5/80/-/250,E12-13-008/A,11.7/60/-/250,D/B/C,-/5/5/5.5,
06/17/2022,Friday,2.1,Physics,Install,,RUN GROUP C/FT_ON,10.5/200.0/p/250,E12-19-006,10.5/80/-/250,E12-13-008/A,11.7/60/-/250,B/C/D,-/5/5/5.5,
06/18/2022,Saturday,2.1,Physics,Install,,RUN GROUP C/FT_ON,10.5/200.0/p/250,E12-19-006,10.5/80/-/250,E12-13-008/A,11.7/60/-/250,B/C/D,-/5/5/5.5,
06/19/2022,Sunday,2.1,Physics,Install,,RUN GROUP C/FT_ON,10.5/200.0/p/250,E12-19-006,10.5/80/-/250,E12-13-008/A,11.7/60/-/250,B/C/D,-/5/5/5.5,
06/20/2022,Monday,2.1,Physics,Install,,RUN GROUP C/FT_ON,10.5/200.0/p/250,E12-19-006,10.5/80/-/250,E12-13-008/A,11.7/60/-/250,B/C/D,-/5/5/5.5,
06/21/2022,Tuesday,2.1,Physics,Install,,RUN GROUP C/FT_ON,10.5/200.0/p/250,E12-19-006,10.5/80/-/250,E12-13-008/A,11.7/60/-/250,B/C/D,-/5/5/5.5,
06/22/2022,Wednesday,2.1,Physics,Install,,RUN GROUP C/FT_ON,10.5/200.0/p/250,E12-19-006,10.5/80/-/250,E12-13-008/A,11.7/60/-/250,C/D/B,-/5/5/5.5,
06/23/2022,Thursday,2.1,Physics,Install,,RUN GROUP C/FT_ON,10.5/200.0/p/250,E12-19-006,10.5/80/-/250,E12-13-008/A,11.7/60/-/250,C/D/B,-/5/5/5.5,
06/24/2022,Friday,2.1,Physics,Install,,RUN GROUP C/FT_ON,10.5/200.0/p/250,E12-19-006,10.5/80/-/250,E12-13-008/A,11.7/60/-/250,C/D/B,-/5/5/5.5,
06/25/2022,Saturday,2.1,Physics,Install,,RUN GROUP C/FT_ON,10.5/200.0/p/250,E12-19-006,10.5/80/-/250,E12-13-008/A,11.7/60/-/250,C/D/B,-/5/5/5.5,
06/26/2022,Sunday,2.1,Physics,Install,,RUN GROUP C/FT_ON,10.5/200.0/p/250,E12-19-006,10.5/80/-/250,E12-13-008/A,11.7/60/-/250,C/D/B,-/5/5/5.5,
06/27/2022,Monday,2.1,Physics,Install,,RUN GROUP C/FT_ON,10.5/200.0/p/250,E12-19-006,10.5/80/-/250,E12-13-008/A,11.7/60/-/250,D/B/C,-/5/5/5.5,
06/28/2022,Tuesday,2.1,Physics,Install,,RUN GROUP C/FT_ON,10.5/200.0/p/250,E12-19-006,10.5/80/-/250,E12-13-008/A,11.7/60/-/250,D/B/C,-/5/5/5.5,
06/29/2022,Wednesday,2.1,Physics,Install,,RUN GROUP C/FT_ON,10.5/200.0/p/250,E12-19-006,10.5/80/-/250,E12-13-008/A,11.7/60/-/250,D/B/C,-/5/5/5.5,
06/30/2022,Thursday,2.1,Physics,Install,,RUN GROUP C/FT_ON,10.5/200.0/p/250,E12-19-006,10.5/80/-/250,E12-13-008/A,11.7/60/-/250,D/B/C,-/5/5/5.5,
07/01/2022,Friday,2.1,Physics,Install,,RUN GROUP C/FT_ON,10.5/200.0/p/250,E12-19-006,10.5/80/-/250,E12-13-008/A,11.7/60/-/250,D/B/C,-/5/5/5.5,
07/02/2022,Saturday,2.1,Physics,Install,,RUN GROUP C/FT_ON,10.5/200.0/p/250,E12-19-006,10.5/80/-/250,E12-13-008/A,11.7/60/-/250,B/C/D,-/5/5/5.5,
07/03/2022,Sunday,2.1,Physics,Install,,RUN GROUP C/FT_ON,10.5/200.0/p/250,E12-19-006,10.5/80/-/250,E12-13-008/A,11.7/60/-/250,B/C/D,-/5/5/5.5,
07/04/2022,Monday,2.1,Physics,Install,,RUN GROUP C/FT_ON,10.5/200.0/p/250,E12-19-006,10.5/80/-/250,E12-13-008/A,11.7/60/-/250,B/C/D,-/5/5/5.5,
07/05/2022,Tuesday,2.1,Physics,Install,,RUN GROUP C/FT_ON,10.5/200.0/p/250,E12-19-006,10.5/80/-/250,E12-13-008/A,11.7/60/-/250,B/C/D,-/5/5/5.5,
07/06/2022,Wednesday,2.1,Physics,Install,,RUN GROUP C/FT_ON,10.5/200.0/p/250,E12-19-006,10.5/80/-/250,E12-13-008/A,11.7/60/-/250,B/C/D,-/5/5/5.5,
07/07/2022,Thursday,2.1,Physics,Install,,RUN GROUP C/FT_ON,10.5/200.0/p/250,E12-19-006,10.5/80/-/250,E12-13-008/A,11.7/60/-/250,B/C/D,-/5/5/5.5,
07/08/2022,Friday,2.1,Physics,Install,,RUN GROUP C/FT_ON,10.5/200.0/p/250,E12-19-006,10.5/80/-/250,E12-13-008/A,11.7/60/-/250,C/D/B,-/5/5/5.5,
07/09/2022,Saturday,2.1,Physics,Install,,RUN GROUP C/FT_ON,10.5/200.0/p/250,E12-19-006,10.5/80/-/250,E12-13-008/A,11.7/60/-/250,C/D/B,-/5/5/5.5,
07/10/2022,Sunday,2.1,Physics,Install,,RUN GROUP C/FT_ON,10.5/200.0/p/250,E12-19-006,10.5/80/-/250,E12-13-008/A,11.7/60/-/250,C/D/B,-/5/5/5.5,
07/11/2022,Monday,2.1,Physics,Install,,RUN GROUP C/FT_ON,10.5/200.0/p/250,E12-19-006,10.5/80/-/250,E12-13-008/A,11.7/60/-/250,C/D/B,-/5/5/5.5,
07/12/2022,Tuesday,2.1,Physics,Install,,RUN GROUP C/FT_ON,10.5/200.0/p/250,E12-19-006,10.5/80/-/250,E12-13-008/A,11.7/60/-/250,C/D/B,-/5/5/5.5,
07/13/2022,Wednesday,2.1,Physics,Install,,RUN GROUP C/FT_ON,10.5/200.0/p/250,E12-19-006,10.5/80/-/250,E12-13-008/A,11.7/60/-/250,C/D/B,-/5/5/5.5,
07/14/2022,Thursday,2.1,Physics,Install,,RUN GROUP C/FT_ON,10.5/200.0/p/250,E12-19-006,10.5/80/-/250,E12-13-008/A,11.7/60/-/250,C/D/B,-/5/5/5.5,
07/15/2022,Friday,2.1,Physics,Install,,RUN GROUP C/FT_ON,10.5/200.0/p/250,E12-19-006,10.5/80/-/250,E12-13-008/A,11.7/60/-/250,C/D/B,-/5/5/5.5,
07/16/2022,Saturday,2.1,Physics,Install,,RUN GROUP C/FT_ON,10.5/200.0/p/250,E12-19-006,10.5/80/-/250,E12-13-008/A,11.7/60/-/250,C/D/B,-/5/5/5.5,
07/17/2022,Sunday,2.1,Physics,Install,,RUN GROUP C/FT_ON,10.5/200.0/p/250,E12-19-006,10.5/80/-/250,E12-13-008/A,11.7/60/-/250,C/D/B,-/5/5/5.5,
07/18/2022,Monday,2.1,Physics,Install,,RUN GROUP C/FT_ON,10.5/200.0/p/250,E12-19-006,10.5/80/-/250,E12-13-008/A,11.7/60/-/250,C/D/B,-/5/5/5.5,
07/19/2022,Tuesday,2.1,Physics,Install,,RUN GROUP C/FT_ON,10.5/200.0/p/250,E12-19-006,10.5/80/-/250,E12-13-008/A,11.7/60/-/250,C/D/B,-/5/5/5.5,Today
07/20/2022,Wednesday,2.1,Physics,Install,,RUN GROUP C/FT_ON,10.5/200.0/p/250,E12-19-006,10.5/80/-/250,E12-13-008/A,11.7/60/-/250,C/D/B,-/5/5/5.5,
07/21/2022,Thursday,2.1,Physics,Install,,RUN GROUP C/FT_ON,10.5/200.0/p/250,E12-19-006,10.5/80/-/250,E12-13-008/A,11.7/60/-/250,C/D/B,-/5/5/5.5,
07/22/2022,Friday,2.1,Physics,Install,,RUN GROUP C/FT_ON,10.5/200.0/p/250,E12-19-006,10.5/80/-/250,E12-13-008/A,11.7/60/-/250,D/B/C,-/5/5/5.5,
07/23/2022,Saturday,2.1,Physics,Install,,RUN GROUP C/FT_ON,10.5/200.0/p/250,E12-19-006,10.5/80/-/250,E12-13-008/A,11.7/60/-/250,D/B/C,-/5/5/5.5,
07/24/2022,Sunday,2.1,Physics,Install,,RUN GROUP C/FT_ON,10.5/200.0/p/250,E12-19-006,10.5/80/-/250,E12-13-008/A,11.7/60/-/250,D/B/C,-/5/5/5.5,
07/25/2022,Monday,2.1,Physics,Install,,RUN GROUP C/FT_ON,10.5/200.0/p/250,E12-19-006,10.5/80/-/250,E12-13-008/A,11.7/60/-/250,D/B/C,-/5/5/5.5,
07/26/2022,Tuesday,2.1,Physics,Install,,RUN GROUP C/FT_ON,10.5/200.0/p/250,E12-19-006,10.5/80/-/250,E12-13-008/A,11.7/60/-/250,D/B/C,-/5/5/5.5,
07/27/2022,Wednesday,2.1,Physics,Install,,RUN GROUP C/FT_ON,10.5/200.0/p/250,E12-19-006,10.5/80/-/250,E12-13-008/A,11.7/60/-/250,D/B/C,-/5/5/5.5,
07/28/2022,Thursday,2.1,Physics,Install,,RUN GROUP C/FT_ON,10.5/200.0/p/250,E12-19-006,10.5/80/-/250,E12-13-008/A,11.7/60/-/250,B/C/D,-/5/5/5.5,
07/29/2022,Friday,2.1,Physics,Install,,RUN GROUP C/FT_ON,10.5/200.0/p/250,E12-19-006,10.5/80/-/250,E12-13-008/A,11.7/60/-/250,B/C/D,-/5/5/5.5,
07/30/2022,Saturday,2.1,Physics,Install,,RUN GROUP C/FT_ON,10.5/200.0/p/250,E12-19-006,10.5/80/-/250,E12-13-008/A,11.7/60/-/250,B/C/D,-/5/5/5.5,
07/31/2022,Sunday,2.1,Physics,Install,,RUN GROUP C/FT_ON,10.5/200.0/p/250,E12-19-006,10.5/80/-/250,E12-13-008/A,11.7/60/-/250,B/C/D,-/5/5/5.5,
08/01/2022,Monday,2.1,Physics,Install,,RUN GROUP C/FT_ON,10.5/200.0/p/250,E12-19-006,10.5/80/-/250,E12-13-008/A,11.7/60/-/250,B/C/D,-/5/5/5.5,
08/02/2022,Tuesday,2.1,Physics,Install,,RUN GROUP C/FT_ON,10.5/200.0/p/250,E12-19-006,10.5/80/-/250,E12-13-008/A,11.7/60/-/250,B/C/D,-/5/5/5.5,
08/03/2022,Wednesday,2.1,Physics,Install,,RUN GROUP C/FT_ON,10.5/200.0/p/250,E12-19-006,10.5/80/-/250,E12-13-008/A,11.7/60/-/250,B/C/D,-/5/5/5.5,
08/04/2022,Thursday,2.1,Physics,Install,,RUN GROUP C/FT_ON,10.5/200.0/p/250,E12-19-006,10.5/80/-/250,E12-13-008/A,11.7/60/-/250,C/D/B,-/5/5/5.5,
08/05/2022,Friday,2.1,Physics,Install,,RUN GROUP C/FT_ON,10.5/200.0/p/250,E12-19-006,10.5/80/-/250,E12-13-008/A,11.7/60/-/250,C/D/B,-/5/5/5.5,
08/06/2022,Saturday,2.1,Physics,Install,,RUN GROUP C/FT_ON,10.5/200.0/p/250,E12-19-006,10.5/80/-/250,E12-13-008/A,11.7/60/-/250,C/D/B,-/5/5/5.5,
08/07/2022,Sunday,2.1,Physics,Install,,RUN GROUP C/FT_ON,10.5/200.0/p/250,E12-19-006,10.5/80/-/250,E12-13-008/A,11.7/60/-/250,C/D/B,-/5/5/5.5,
08/08/2022,Monday,2.1,Physics,Install,,RUN GROUP C/FT_ON,10.5/200.0/p/250,Pass change,,E12-13-008/A,11.7/60/-/250,C/D/B,-/5/4/5.5,
08/09/2022,Tuesday,2.1,Physics,Install,,RUN GROUP C/FT_ON,10.5/200.0/p/250,E12-19-006,8.5/80/-/250,E12-13-008/A,11.7/60/-/250,C/D/B,-/5/4/5.5,
08/10/2022,Wednesday,2.1,Physics,Install,,RUN GROUP C/FT_ON,10.5/200.0/p/250,E12-19-006,8.5/80/-/250,E12-13-008/A,11.7/60/-/250,C/D/B,-/5/4/5.5,
08/11/2022,Thursday,2.1,Physics,Install,,RUN GROUP C/FT_ON,10.5/200.0/p/250,E12-19-006,8.5/80/-/250,E12-13-008/A,11.7/60/-/250,C/D/B,-/5/4/5.5,
08/12/2022,Friday,2.1,Physics,Install,,RUN GROUP C/FT_ON,10.5/200.0/p/250,E12-19-006,8.5/80/-/250,E12-13-008/A,11.7/60/-/250,D/B/C,-/5/4/5.5,
08/13/2022,Saturday,2.1,Physics,Install,,RUN GROUP C/FT_ON,10.5/200.0/p/250,E12-19-006,8.5/80/-/250,E12-13-008/A,11.7/60/-/250,D/B/C,-/5/4/5.5,
08/14/2022,Sunday,2.1,Physics,Install,,RUN GROUP C/FT_ON,10.5/200.0/p/250,E12-19-006,8.5/80/-/250,E12-13-008/A,11.7/60/-/250,D/B/C,-/5/4/5.5,
08/15/2022,Monday,2.1,Physics,Install,,RUN GROUP C/FT_ON,10.5/200.0/p/250,Pass change,,E12-13-008/A,11.7/60/-/250,D/B/C,-/5/3/5.5,
08/16/2022,Tuesday,2.1,Physics,Install,,RUN GROUP C/FT_ON,10.5/200.0/p/250,E12-19-006,6.4/80/-/250,E12-13-008/A,11.7/60/-/250,D/B/C,-/5/3/5.5,
08/17/2022,Wednesday,2.1,Physics,Install,,RUN GROUP C/FT_ON,10.5/200.0/p/250,E12-19-006,6.4/80/-/250,E12-13-008/A,11.7/60/-/250,D/B/C,-/5/3/5.5,
08/18/2022,Thursday,2.1,Physics,Install,,RUN GROUP C/FT_ON,10.5/200.0/p/250,E12-19-006,6.4/80/-/250,Reconfigure,,B/C,-/5/3/-,
08/19/2022,Friday,2.1,Physics,Install,,RUN GROUP C/FT_ON,10.5/200.0/p/250,E12-19-006,6.4/80/-/250,Reconfigure,,B/C,-/5/3/-,
08/20/2022,Saturday,2.1,Physics,Install,,RUN GROUP C/FT_ON,10.5/200.0/p/250,E12-19-006,6.4/80/-/250,Reconfigure,,B/C,-/5/3/-,
08/21/2022,Sunday,2.1,Physics,Install,,RUN GROUP C/FT_ON,10.5/200.0/p/250,E12-19-006,6.4/80/-/250,Reconfigure,,B/C,-/5/3/-,
08/22/2022,Monday,2.1,Physics,Install,,RUN GROUP C/FT_ON,10.5/200.0/p/250,E12-19-006,6.4/80/-/250,Reconfigure,,B/C,-/5/3/-,
08/23/2022,Tuesday,2.1,Physics,Install,,RUN GROUP C/FT_ON,10.5/200.0/p/250,E12-19-006,6.4/80/-/250,Reconfigure,,B/C,-/5/3/-,
08/24/2022,Wednesday,2.1,Physics,Install,,RUN GROUP C/FT_ON,10.5/200.0/p/250,E12-19-006,6.4/80/-/250,Reconfigure,,B/C,-/5/3/-,
08/25/2022,Thursday,2.1,Physics,Install,,RUN GROUP C/FT_ON,10.5/200.0/p/250,E12-19-006,6.4/80/-/250,Reconfigure,,B/C,-/5/3/-,
08/26/2022,Friday,2.1,Physics,Install,,Reconfigure,,E12-19-006,6.4/80/-/250,Reconfigure,,C,-/-/3/-,
08/27/2022,Saturday,2.1,Physics,Install,,Reconfigure,,E12-19-006,6.4/80/-/250,E12-10-011,11.7/200/-/250,C/D,-/-/3/5.5,
08/28/2022,Sunday,2.1,Physics,Install,,Reconfigure,,E12-19-006,6.4/80/-/250,E12-10-011,11.7/200/-/250,C/D,-/-/3/5.5,
08/29/2022,Monday,2.1,Physics,Install,,Reconfigure,,E12-19-006,6.4/80/-/250,E12-10-011,11.7/200/-/250,C/D,-/-/3/5.5,
08/30/2022,Tuesday,2.1,Physics,Install,,Reconfigure,,E12-19-006,6.4/80/-/250,E12-10-011,11.7/200/-/250,C/D,-/-/3/5.5,
08/31/2022,Wednesday,2.1,Physics,Install,,Reconfigure,,E12-19-006,6.4/80/-/250,E12-10-011,11.7/200/-/250,C/D,-/-/3/5.5,
09/01/2022,Thursday,2.1,Physics,Install,,Reconfigure,,E12-19-006,6.4/80/-/250,E12-10-011,11.7/200/-/250,C/D,-/-/3/5.5,
09/02/2022,Friday,2.1,Physics,Install,,Run Group C/FT_OFF,10.5/200/p/250,E12-19-006,6.4/80/-/250,E12-10-011,11.7/200/-/250,D/B/C,-/5/3/5.5,
09/03/2022,Saturday,2.1,Physics,Install,,Run Group C/FT_OFF,10.5/200/p/250,E12-19-006,6.4/80/-/250,E12-10-011,11.7/200/-/250,D/B/C,-/5/3/5.5,
09/04/2022,Sunday,2.1,Physics,Install,,Run Group C/FT_OFF,10.5/200/p/250,E12-19-006,6.4/80/-/250,E12-10-011,11.7/200/-/250,D/B/C,-/5/3/5.5,
09/05/2022,Monday,2.1,Physics,Install,,Run Group C/FT_OFF,10.5/200/p/250,E12-19-006,6.4/80/-/250,E12-10-011,11.7/200/-/250,D/B/C,-/5/3/5.5,
09/06/2022,Tuesday,2.1,Physics,Install,,Run Group C/FT_OFF,10.5/200/p/250,E12-19-006,6.4/80/-/250,E12-10-011,11.7/200/-/250,D/B/C,-/5/3/5.5,
09/07/2022,Wednesday,2.1,Physics,Install,,Run Group C/FT_OFF,10.5/200/p/250,E12-19-006,6.4/80/-/250,E12-10-011,11.7/200/-/250,D/B/C,-/5/3/5.5,
09/08/2022,Thursday,2.1,Physics,Install,,Run Group C/FT_OFF,10.5/200/p/250,E12-19-006,6.4/80/-/250,E12-10-011,11.7/200/-/250,D/B/C,-/5/3/5.5,
09/09/2022,Friday,2.1,Physics,Install,,Run Group C/FT_OFF,10.5/200/p/250,E12-19-006,6.4/80/-/250,E12-10-011,11.7/200/-/250,D/B/C,-/5/3/5.5,
09/10/2022,Saturday,2.1,Physics,Install,,Run Group C/FT_OFF,10.5/200/p/250,Target Cooldown,,E12-10-011,11.7/200/-/250,B/D,-/5/-/5.5,
09/11/2022,Sunday,2.1,Physics,Install,,Run Group C/FT_OFF,10.5/200/p/250,Target Cooldown,,E12-10-011,11.7/200/-/250,B/D,-/5/-/5.5,
09/12/2022,Monday,2.1,Physics,Install,,Run Group C/FT_OFF,10.5/200/p/250,Reconfigure,,E12-10-011,11.7/200/-/250,B/D,-/5/-/5.5,
09/13/2022,Tuesday,2.1,Physics,Install,,Run Group C/FT_OFF,10.5/200/p/250,Reconfigure,,E12-10-011,11.7/200/-/250,B/D,-/5/-/5.5,
09/14/2022,Wednesday,2.1,Physics,Install,,Run Group C/FT_OFF,10.5/200/p/250,Reconfigure,,E12-10-011,11.7/200/-/250,B/D,-/5/-/5.5,
09/15/2022,Thursday,2.1,Physics,Install,,Run Group C/FT_OFF,10.5/200/p/250,Reconfigure,,E12-10-011,11.7/200/-/250,B/D,-/5/-/5.5,
09/16/2022,Friday,2.1,Physics,Install,,Run Group C/FT_OFF,10.5/200/p/250,Reconfigure,,E12-10-011,11.7/200/-/250,B/D,-/5/-/5.5,
09/17/2022,Saturday,2.1,Physics,Install,,Run Group C/FT_OFF,10.5/200/p/250,Reconfigure,,E12-10-011,11.7/200/-/250,B/D,-/5/-/5.5,
09/18/2022,Sunday,2.1,Physics,Install,,Run Group C/FT_OFF,10.5/200/p/250,Reconfigure,,E12-10-011,11.7/200/-/250,B/D,-/5/-/5.5,
09/19/2022,Monday,2.1,Physics,Install,,Run Group C/FT_OFF,10.5/200/p/250,PASS CHANGE,,E12-10-011,11.7/200/-/250,C/D/B,-/5/5/5.5,
09/20/2022,Tuesday,2.1,Physics,Install,,Run Group C/FT_OFF,10.5/200/p/250,E12-17-005,10.5/80/-/250,E12-10-011,11.7/200/-/250,C/D/B,-/5/5/5.5,
09/21/2022,Wednesday,2.1,Physics,Install,,Run Group C/FT_OFF,10.5/200/p/250,E12-17-005,10.5/80/-/250,E12-10-011,11.7/200/-/250,C/D/B,-/5/5/5.5,
09/22/2022,Thursday,2.1,Physics,Install,,Run Group C/FT_OFF,10.5/200/p/250,E12-17-005,10.5/80/-/250,E12-10-011,11.7/200/-/250,C/D/B,-/5/5/5.5,
09/23/2022,Friday,2.1,Physics,Install,,Run Group C/FT_OFF,10.5/200/p/250,E12-17-005,10.5/80/-/250,E12-10-011,11.7/200/-/250,C/D/B,-/5/5/5.5,
09/24/2022,Saturday,2.1,Physics,Install,,Run Group C/FT_OFF,10.5/200/p/250,E12-17-005,10.5/80/-/250,E12-10-011,11.7/200/-/250,C/D/B,-/5/5/5.5,
09/25/2022,Sunday,2.1,Physics,Install,,Run Group C/FT_OFF,10.5/200/p/250,E12-17-005,10.5/80/-/250,E12-10-011,11.7/200/-/250,C/D/B,-/5/5/5.5,
09/26/2022,Monday,2.1,Physics,Lockup,,Run Group C/FT_OFF,10.5/200/p/250,E12-17-005,10.5/80/-/250,E12-10-011,11.7/200/-/250,C/D/B,-/5/5/5.5,
09/27/2022,Tuesday,2.1,Physics,Lockup,,Run Group C/FT_OFF,10.5/200/p/250,E12-17-005,10.5/80/-/250,E12-10-011,11.7/200/-/250,C/D/B,-/5/5/5.5,
09/28/2022,Wednesday,2.1,Physics,Lockup,,Run Group C/FT_OFF,10.5/200/p/250,E12-10-008,10.5/60/-/250,E12-10-011,11.7/200/-/250,C/D/B,-/5/5/5.5,
09/29/2022,Thursday,2.1,Physics,Pass change,,Run Group C/FT_OFF,10.5/200/p/250,E12-10-008,10.5/60/-/250,E12-10-011,11.7/200/-/250,A/D/B/C,1/5/5/5.5,
09/30/2022,Friday,2.1,Physics,E12-09-016 **,2.1/60/-/250,Run Group C/FT_OFF,10.5/200/p/250,E12-10-008,10.5/60/-/250,E12-10-011,11.7/200/-/250,A/D/B/C,1/5/5/5.5,
10/01/2022,Saturday,2.1,Physics,E12-09-016 **,2.1/60/-/250,Run Group C/FT_OFF,10.5/200/p/250,E12-10-008,10.5/60/-/250,E12-10-011,11.7/200/-/250,A/D/B/C,1/5/5/5.5,Start of new Fiscal Year (FY23)
10/02/2022,Sunday,2.1,Physics,E12-09-016 **,2.1/60/-/250,Run Group C/FT_OFF,10.5/200/p/250,E12-10-008,10.5/60/-/250,E12-10-011,11.7/200/-/250,A/D/B/C,1/5/5/5.5,
10/03/2022,Monday,2.1,Physics,E12-09-016 **,2.1/60/-/250,Run Group C/FT_OFF,10.5/200/p/250,E12-10-008,10.5/60/-/250,E12-10-011,11.7/200/-/250,A/D/B/C,1/5/5/5.5,GEN Pending Completion of ERR
10/04/2022,Tuesday,2.1,Physics,E12-09-016 **,2.1/60/-/250,Run Group C/FT_OFF,10.5/200/p/250,E12-10-008,10.5/60/-/250,E12-10-011,11.7/200/-/250,A/D/B/C,1/5/5/5.5,Requires Good Pol. 3He Cells
10/05/2022,Wednesday,2.1,Physics,E12-09-016 **,2.1/60/-/250,Run Group C/FT_OFF,10.5/200/p/250,E12-10-008,10.5/60/-/250,E12-10-011,11.7/200/-/250,A/D/B/C,1/5/5/5.5,
10/06/2022,Thursday,2.1,Physics,E12-09-016 **,2.1/60/-/250,Run Group C/FT_OFF,10.5/200/p/250,E12-10-008,10.5/60/-/250,E12-10-011,11.7/200/-/250,D/B/C/A,1/5/5/5.5,At 1st pass Hall A does not get to set Wien
10/07/2022,Friday,2.1,Physics,E12-09-016 **,2.1/60/-/250,Run Group C/FT_OFF,10.5/200/p/250,E12-10-008,10.5/60/-/250,E12-10-011,11.7/200/-/250,D/B/C/A,1/5/5/5.5,Hall A beam will be transversely polarized.
10/08/2022,Saturday,2.1,Physics,E12-09-016 **,2.1/60/-/250,Run Group C/FT_OFF,10.5/200/p/250,E12-10-008,10.5/60/-/250,E12-10-011,11.7/200/-/250,D/B/C/A,1/5/5/5.5,** = needs to complete ERR
10/09/2022,Sunday,2.1,Physics,E12-09-016 **,2.1/60/-/250,Run Group C/FT_OFF,10.5/200/p/250,E12-10-008,10.5/60/-/250,E12-10-011,11.7/200/-/250,D/B/C/A,1/5/5/5.5,
10/10/2022,Monday,2.1,Physics,Reconfigure,,Run Group C/FT_OFF,10.5/200/p/250,E12-10-008,10.5/60/-/250,E12-10-011,11.7/200/-/250,D/B/C/A,-/5/5/5.5,
10/11/2022,Tuesday,2.1,Physics,Pass change,,Run Group C/FT_OFF,10.5/200/p/250,E12-10-008,10.5/60/-/250,E12-10-011,11.7/200/-/250,D/B/C/A,2/5/5/5.5,
10/12/2022,Wednesday,2.1,Physics,E12-09-016 **,4.2/60/p/250,Run Group C/FT_OFF,10.5/200/p/250,E12-10-008,10.5/60/-/250,E12-10-011,11.7/200/-/250,D/B/C/A,2/5/5/5.5,
10/13/2022,Thursday,2.1,Physics,E12-09-016 **,4.2/60/p/250,Run Group C/FT_OFF,10.5/200/p/250,E12-10-008,10.5/60/-/250,E12-10-011,11.7/200/-/250,B/C/A/D,2/5/5/5.5,
10/14/2022,Friday,2.1,Physics,E12-09-016 **,4.2/60/p/250,Run Group C/FT_OFF,10.5/200/p/250,E12-10-008,10.5/60/-/250,E12-10-011,11.7/200/-/250,B/C/A/D,2/5/5/5.5,
10/15/2022,Saturday,2.1,Physics,E12-09-016 **,4.2/60/p/250,Run Group C/FT_OFF,10.5/200/p/250,E12-10-008,10.5/60/-/250,E12-10-011,11.7/200/-/250,B/C/A/D,2/5/5/5.5,
10/16/2022,Sunday,2.1,Physics,E12-09-016 **,4.2/60/p/250,Run Group C/FT_OFF,10.5/200/p/250,E12-10-008,10.5/60/-/250,E12-10-011,11.7/200/-/250,B/C/A/D,2/5/5/5.5,
10/17/2022,Monday,2.1,Physics,E12-09-016 **,4.2/60/p/250,Run Group C/FT_OFF,10.5/200/p/250,E12-10-008,10.5/60/-/250,E12-10-011,11.7/200/-/250,B/C/A/D,2/5/5/5.5,
10/18/2022,Tuesday,2.1,Physics,E12-09-016 **,4.2/60/p/250,Run Group C/FT_OFF,10.5/200/p/250,E12-10-008,10.5/60/-/250,E12-10-011,11.7/200/-/250,B/C/A/D,2/5/5/5.5,
10/19/2022,Wednesday,2.1,Physics,E12-09-016 **,4.2/60/p/250,Run Group C/FT_OFF,10.5/200/p/250,E12-10-008,10.5/60/-/250,E12-10-011,11.7/200/-/250,B/C/A/D,2/5/5/5.5,
10/20/2022,Thursday,2.1,Physics,Reconfigure,,Run Group C/FT_OFF,10.5/200/p/250,E12-10-008,10.5/60/-/250,E12-10-011,11.7/200/-/250,C/A/D/B,-/5/5/5.5,
10/21/2022,Friday,2.1,Physics,Pass change,,Run Group C/FT_OFF,10.5/200/p/250,E12-10-008,10.5/60/-/250,E12-10-011,11.7/200/-/250,C/A/D/B,3/5/5/5.5,
10/22/2022,Saturday,2.1,Physics,E12-09-016 **,6.3/40/p/250,Run Group C/FT_OFF,10.5/200/p/250,E12-10-008,10.5/60/-/250,E12-10-011,11.7/200/-/250,C/A/D/B,3/5/5/5.5,
10/23/2022,Sunday,2.1,Physics,E12-09-016 **,6.3/40/p/250,Run Group C/FT_OFF,10.5/200/p/250,E12-10-008,10.5/60/-/250,E12-10-011,11.7/200/-/250,C/A/D/B,3/5/5/5.5,Assume power limit 1.1 MW by this point
10/24/2022,Monday,2.1,Physics,E12-09-016 **,6.3/40/p/250,Run Group C/FT_OFF,10.5/200/p/250,E12-10-008,10.5/60/-/250,E12-10-011,11.7/200/-/250,C/A/D/B,3/5/5/5.5,
10/25/2022,Tuesday,2.1,Physics,E12-09-016 **,6.3/40/p/250,Run Group C/FT_OFF,10.5/200/p/250,E12-10-008,10.5/60/-/250,E12-10-011,11.7/200/-/250,C/A/D/B,3/5/5/5.5,
10/26/2022,Wednesday,2.1,Physics,E12-09-016 **,6.3/40/p/250,Run Group C/FT_OFF,10.5/200/p/250,E12-10-008,10.5/60/-/250,E12-10-011,11.7/200/-/250,C/A/D/B,3/5/5/5.5,
10/27/2022,Thursday,2.1,Physics,E12-09-016 **,6.3/40/p/250,Run Group C/FT_OFF,10.5/200/p/250,E12-10-008,10.5/60/-/250,E12-10-011,11.7/200/-/250,A/D/B/C,3/5/5/5.5,
10/28/2022,Friday,2.1,Physics,E12-09-016 **,6.3/40/p/250,Run Group C/FT_OFF,10.5/200/p/250,E12-10-008,10.5/60/-/250,E12-10-011,11.7/200/-/250,A/D/B/C,3/5/5/5.5,
10/29/2022,Saturday,2.1,Physics,E12-09-016 **,6.3/40/p/250,Run Group C/FT_OFF,10.5/200/p/250,E12-10-008,10.5/60/-/250,E12-10-011,11.7/200/-/250,A/D/B/C,3/5/5/5.5,
10/30/2022,Sunday,2.1,Physics,E12-09-016 **,6.3/40/p/250,Run Group C/FT_OFF,10.5/200/p/250,E12-10-008,10.5/60/-/250,E12-10-011,11.7/200/-/250,A/D/B/C,3/5/5/5.5,
10/31/2022,Monday,2.1,Physics,E12-09-016 **,6.3/40/p/250,Run Group C/FT_OFF,10.5/200/p/250,E12-10-008,10.5/60/-/250,E12-10-011,11.7/200/-/250,A/D/B/C,3/5/5/5.5,
11/01/2022,Tuesday,2.1,Physics,E12-09-016 **,6.3/40/p/250,Run Group C/FT_OFF,10.5/200/p/250,E12-10-008,10.5/60/-/250,E12-10-011,11.7/200/-/250,A/D/B/C,3/5/5/5.5,
11/02/2022,Wednesday,2.1,Physics,E12-09-016 **,6.3/40/p/250,Run Group C/FT_OFF,10.5/200/p/250,E12-10-008,10.5/60/-/250,E12-10-011,11.7/200/-/250,A/D/B/C,3/5/5/5.5,
11/03/2022,Thursday,2.1,Physics,E12-09-016 **,6.3/40/p/250,Run Group C/FT_OFF,10.5/200/p/250,E12-06-105,10.5/60/-/250,E12-10-011,11.7/200/-/250,D/B/C/A,3/5/5/5.5,
11/04/2022,Friday,2.1,Physics,E12-09-016 **,6.3/40/p/250,Run Group C/FT_OFF,10.5/200/p/250,E12-06-105,10.5/60/-/250,E12-10-011,11.7/200/-/250,D/B/C/A,3/5/5/5.5,
11/05/2022,Saturday,2.1,Physics,E12-09-016 **,6.3/40/p/250,Run Group C/FT_OFF,10.5/200/p/250,E12-06-105,10.5/60/-/250,E12-10-011,11.7/200/-/250,D/B/C/A,3/5/5/5.5,
11/06/2022,Sunday,2.1,Physics,E12-09-016 **,6.3/40/p/250,Run Group C/FT_OFF,10.5/200/p/250,E12-06-105,10.5/60/-/250,E12-10-011,11.7/200/-/250,D/B/C/A,3/5/5/5.5,
11/07/2022,Monday,2.1,Physics,E12-09-016 **,6.3/40/p/250,Run Group C/FT_OFF,10.5/200/p/250,E12-06-105,10.5/60/-/250,E12-10-011,11.7/200/-/250,D/B/C/A,3/5/5/5.5,
11/08/2022,Tuesday,2.1,Physics,E12-09-016 **,6.3/40/p/250,Run Group C/FT_OFF,10.5/200/p/250,E12-06-105,10.5/60/-/250,E12-10-011,11.7/200/-/250,D/B/C/A,3/5/5/5.5,
11/09/2022,Wednesday,2.1,Physics,E12-09-016 **,6.3/40/p/250,Run Group C/FT_OFF,10.5/200/p/250,E12-06-105,10.5/60/-/250,E12-10-011,11.7/200/-/250,D/B/C/A,3/5/5/5.5,
11/10/2022,Thursday,2.1,Physics,E12-09-016 **,6.3/40/p/250,Run Group C/FT_OFF,10.5/200/p/250,E12-06-105,10.5/60/-/250,E12-10-011,11.7/200/-/250,B/C/A/D,3/5/5/5.5,
11/11/2022,Friday,2.1,Physics,E12-09-016 **,6.3/40/p/250,Run Group C/FT_OFF,10.5/200/p/250,E12-06-105,10.5/60/-/250,E12-10-011,11.7/200/-/250,B/C/A/D,3/5/5/5.5,
11/12/2022,Saturday,2.1,Physics,E12-09-016 **,6.3/40/p/250,Run Group C/FT_OFF,10.5/200/p/250,E12-06-105,10.5/60/-/250,E12-10-011,11.7/200/-/250,B/C/A/D,3/5/5/5.5,
11/13/2022,Sunday,2.1,Physics,E12-09-016 **,6.3/40/p/250,Run Group C/FT_OFF,10.5/200/p/250,E12-06-105,10.5/60/-/250,E12-10-011,11.7/200/-/250,B/C/A/D,3/5/5/5.5,
11/14/2022,Monday,2.1,Physics,E12-09-016 **,6.3/40/p/250,Run Group C/FT_OFF,10.5/200/p/250,E12-06-105,10.5/60/-/250,E12-10-011,11.7/200/-/250,B/C/A/D,3/5/5/5.5,
11/15/2022,Tuesday,2.1,Physics,E12-09-016 **,6.3/40/p/250,Run Group C/FT_OFF,10.5/200/p/250,E12-06-105,10.5/60/-/250,E12-10-011,11.7/200/-/250,B/C/A/D,3/5/5/5.5,
11/16/2022,Wednesday,2.1,Physics,E12-09-016 **,6.3/40/p/250,Run Group C/FT_OFF,10.5/200/p/250,Reconfigure,,E12-10-011,11.7/200/-/250,B/C/A/D,3/5/-/5.5,
11/17/2022,Thursday,2.1,Physics,E12-09-016 **,6.3/40/p/250,Run Group C/FT_OFF,10.5/200/p/250,Reconfigure,,E12-10-011,11.7/200/-/250,A/D/B,3/5/-/5.5,Hall C target reconfiguration
11/18/2022,Friday,2.1,Physics,E12-09-016 **,6.3/40/p/250,Run Group C/FT_OFF,10.5/200/p/250,E12-06-105,10.5/60/-/250,E12-10-011,11.7/200/-/250,C/A/D/B,3/5/5/5.5,
11/19/2022,Saturday,2.1,Physics,E12-09-016 **,6.3/40/p/250,Run Group C/FT_OFF,10.5/200/p/250,E12-06-105,10.5/60/-/250,E12-10-011,11.7/200/-/250,C/A/D/B,3/5/5/5.5,
11/20/2022,Sunday,2.1,Physics,E12-09-016 **,6.3/40/p/250,Run Group C/FT_OFF,10.5/200/p/250,E12-06-105,10.5/60/-/250,E12-10-011,11.7/200/-/250,C/A/D/B,3/5/5/5.5,
11/21/2022,Monday,2.1,Physics,Reconfigure,,Run Group C/FT_OFF,10.5/200/p/250,E12-06-105,10.5/60/-/250,E12-10-011,11.7/200/-/250,C/A/D/B,-/5/5/5.5,
11/22/2022,Tuesday,2.1,Physics,Pass change,,Run Group C/FT_OFF,10.5/200/p/250,E12-06-105,10.5/60/-/250,E12-10-011,11.7/200/-/250,C/A/D/B,4/5/5/5.5,
11/23/2022,Wednesday,2.1,Physics,E12-09-016 **,8.4/45/p/250,Run Group C/FT_OFF,10.5/200/p/250,E12-06-105,10.5/60/-/250,E12-10-011,11.7/200/-/250,C/A/D/B,4/5/5/5.5,
11/24/2022,Thursday,2.1,Physics,E12-09-016 **,8.4/45/p/250,Run Group C/FT_OFF,10.5/200/p/250,E12-06-105,10.5/60/-/250,E12-10-011,11.7/200/-/250,C/A/D/B,4/5/5/5.5,
11/25/2022,Friday,2.1,Physics,E12-09-016 **,8.4/45/p/250,Run Group C/FT_OFF,10.5/200/p/250,E12-06-105,10.5/60/-/250,E12-10-011,11.7/200/-/250,A/D/B/C,4/5/5/5.5,
11/26/2022,Saturday,2.1,Physics,E12-09-016 **,8.4/45/p/250,Run Group C/FT_OFF,10.5/200/p/250,E12-06-105,10.5/60/-/250,E12-10-011,11.7/200/-/250,A/D/B/C,4/5/5/5.5,
11/27/2022,Sunday,2.1,Physics,E12-09-016 **,8.4/45/p/250,Run Group C/FT_OFF,10.5/200/p/250,E12-06-105,10.5/60/-/250,E12-10-011,11.7/200/-/250,A/D/B/C,4/5/5/5.5,
11/28/2022,Monday,2.1,Physics,E12-09-016 **,8.4/45/p/250,Run Group C/FT_OFF,10.5/200/p/250,E12-06-105,10.5/60/-/250,E12-10-011,11.7/200/-/250,A/D/B/C,4/5/5/5.5,
11/29/2022,Tuesday,2.1,Physics,E12-09-016 **,8.4/45/p/250,Run Group C/FT_OFF,10.5/200/p/250,E12-06-105,10.5/60/-/250,E12-10-011,11.7/200/-/250,A/D/B/C,4/5/5/5.5,
11/30/2022,Wednesday,2.1,Physics,E12-09-016 **,8.4/45/p/250,Run Group C/FT_OFF,10.5/200/p/250,E12-06-105,10.5/60/-/250,Reconfigure,,A/D/B/C,4/5/5/-,
12/01/2022,Thursday,2.1,Physics,E12-09-016 **,8.4/45/p/250,Run Group C/FT_OFF,10.5/200/p/250,E12-06-105,10.5/60/-/250,Reconfigure,,A/D/B/C,4/5/5/-,
12/02/2022,Friday,2.1,Physics,E12-09-016 **,8.4/45/p/250,Run Group C/FT_OFF,10.5/200/p/250,E12-06-105,10.5/60/-/250,Reconfigure,,B/C/A,4/5/5/-,
12/03/2022,Saturday,2.1,Physics,E12-09-016 **,8.4/45/p/250,Run Group C/FT_OFF,10.5/200/p/250,E12-06-105,10.5/60/-/250,Reconfigure,,B/C/A,4/5/5/-,
12/04/2022,Sunday,2.1,Physics,E12-09-016 **,8.4/45/p/250,Run Group C/FT_OFF,10.5/200/p/250,E12-06-105,10.5/60/-/250,E12-12-002,11.7/200/-/250,D/B/C/A,4/5/5/5.5,
12/05/2022,Monday,2.1,Physics,E12-09-016 **,8.4/45/p/250,Run Group C/FT_OFF,10.5/200/p/250,E12-06-105,10.5/60/-/250,E12-12-002,11.7/200/-/250,D/B/C/A,4/5/5/5.5,
12/06/2022,Tuesday,2.1,Physics,E12-09-016 **,8.4/45/p/250,Run Group C/FT_OFF,10.5/200/p/250,E12-06-105,10.5/60/-/250,E12-12-002,11.7/200/-/250,D/B/C/A,4/5/5/5.5,
12/07/2022,Wednesday,2.1,Physics,E12-09-016 **,8.4/45/p/250,Run Group C/FT_OFF,10.5/200/p/250,E12-06-105,10.5/60/-/250,E12-12-002,11.7/200/-/250,D/B/C/A,4/5/5/5.5,
12/08/2022,Thursday,2.1,Physics,E12-09-016 **,8.4/45/p/250,Run Group C/FT_OFF,10.5/200/p/250,E12-06-105,10.5/60/-/250,E12-12-002,11.7/200/-/250,D/B/C/A,4/5/5/5.5,
12/09/2022,Friday,2.1,Physics,E12-09-016 **,8.4/45/p/250,Run Group C/FT_OFF,10.5/200/p/250,E12-06-105,10.5/60/-/250,E12-12-002,11.7/200/-/250,D/B/C/A,4/5/5/5.5,
12/10/2022,Saturday,2.1,Physics,E12-09-016 **,8.4/45/p/250,Run Group C/FT_OFF,10.5/200/p/250,E12-06-105,10.5/60/-/250,E12-12-002,11.7/200/-/250,D/B/C/A,4/5/5/5.5,
12/11/2022,Sunday,2.1,Physics,E12-09-016 **,8.4/45/p/250,Run Group C/FT_OFF,10.5/200/p/250,E12-06-105,10.5/60/-/250,E12-12-002,11.7/200/-/250,D/B/C/A,4/5/5/5.5,
12/12/2022,Monday,2.1,Physics,E12-09-016 **,8.4/45/p/250,Run Group C/FT_OFF,10.5/200/p/250,E12-06-105,10.5/60/-/250,E12-12-002,11.7/200/-/250,B/C/A/D,4/5/5/5.5,
12/13/2022,Tuesday,2.1,Physics,E12-09-016 **,8.4/45/p/250,Run Group C/FT_OFF,10.5/200/p/250,E12-06-105,10.5/60/-/250,E12-12-002,11.7/200/-/250,B/C/A/D,4/5/5/5.5,
12/14/2022,Wednesday,2.1,Physics,E12-09-016 **,8.4/45/p/250,Run Group C/FT_OFF,10.5/200/p/250,E12-06-105,10.5/60/-/250,E12-12-002,11.7/200/-/250,B/C/A/D,4/5/5/5.5,
12/15/2022,Thursday,2.1,Physics,E12-09-016 **,8.4/45/p/250,Run Group C/FT_OFF,10.5/200/p/250,E12-06-105,10.5/60/-/250,E12-12-002,11.7/200/-/250,B/C/A/D,4/5/5/5.5,
12/16/2022,Friday,2.1,Physics,E12-09-016 **,8.4/45/p/250,Run Group C/FT_OFF,10.5/200/p/250,E12-06-105,10.5/60/-/250,E12-12-002,11.7/200/-/250,B/C/A/D,4/5/5/5.5,
12/17/2022,Saturday,2.1,Physics,E12-09-016 **,8.4/45/p/250,Run Group C/FT_OFF,10.5/200/p/250,E12-06-105,10.5/60/-/250,E12-12-002,11.7/200/-/250,B/C/A/D,4/5/5/5.5,
12/18/2022,Sunday,2.1,Physics,E12-09-016 **,8.4/45/p/250,Run Group C/FT_OFF,10.5/200/p/250,E12-06-105,10.5/60/-/250,E12-12-002,11.7/200/-/250,B/C/A/D,4/5/5/5.5,
12/19/2022,Monday,2.1,Beam Off At 7am,,,,,,,,,,,
12/20/2022,Tuesday,,,,,,,,,,,,,
12/21/2022,Wednesday,,,,,,,,,,,,,
12/22/2022,Thursday,,,,,,,,,,,,,
12/23/2022,Friday,,Winter Break,,,,,,,,,,,
12/24/2022,Saturday,,Winter Break,,,,,,,,,,,
12/25/2022,Sunday,,Winter Break,,,,,,,,,,,
12/26/2022,Monday,,Winter Break,,,,,,,,,,,
12/27/2022,Tuesday,,Winter Break,,,,,,,,,,,
12/28/2022,Wednesday,,Winter Break,,,,,,,,,,,
12/29/2022,Thursday,,Winter Break,,,,,,,,,,,
12/30/2022,Friday,,Winter Break,,,,,,,,,,,
12/31/2022,Saturday,,Winter Break,,,,,,,,,,,
01/01/2023,Sunday,,Winter Break,,,,,,,,,,,
01/02/2023,Monday,,Winter Break,,,,,,,,,,,
01/03/2023,Tuesday,,,,,,,,,,,,,
01/04/2023,Wednesday,,,,,,,,,,,,,
01/05/2023,Thursday,,,,,,,,,,,,,
01/06/2023,Friday,,,,,,,,,,,,,
01/07/2023,Saturday,,,,,,,,,,,,,
01/08/2023,Sunday,,,,,,,,,,,,,
01/09/2023,Monday,2.1,Restore,,,,,,,,,,,
01/10/2023,Tuesday,2.1,Restore,,,,,,,,,,,
01/11/2023,Wednesday,2.1,Restore,,,,,,,,,,,
01/12/2023,Thursday,2.1,Restore,,,,,,,,,,,
01/13/2023,Friday,2.1,Restore,,,,,,,,,,,
01/14/2023,Saturday,2.1,Restore,,,,,,,,,,,
01/15/2023,Sunday,2.1,Restore,,,,,,,,,,,
01/16/2023,Monday,2.1,Physics,E12-09-016 **,8.4/45/p/250,Run Group C/FT_OFF,10.5/200/p/250,E12-06-105,10.5/60/-/250,E12-12-002,11.7/200/-/250,A/B/C/D,4/5/5/5.5,** = needs to complete ERR
01/17/2023,Tuesday,2.1,Physics,E12-09-016 **,8.4/45/p/250,Run Group C/FT_OFF,10.5/200/p/250,E12-06-105,10.5/60/-/250,E12-12-002,11.7/200/-/250,A/B/C/D,4/5/5/5.5,
01/18/2023,Wednesday,2.1,Physics,E12-09-016 **,8.4/45/p/250,Run Group C/FT_OFF,10.5/200/p/250,E12-06-105,10.5/60/-/250,E12-12-002,11.7/200/-/250,A/B/C/D,4/5/5/5.5,
01/19/2023,Thursday,2.1,Physics,E12-09-016 **,8.4/45/p/250,Run Group C/FT_OFF,10.5/200/p/250,E12-06-105,10.5/60/-/250,E12-12-002,11.7/200/-/250,A/B/C/D,4/5/5/5.5,
01/20/2023,Friday,2.1,Physics,E12-09-016 **,8.4/45/p/250,Run Group C/FT_OFF,10.5/200/p/250,E12-06-105,10.5/60/-/250,E12-12-002,11.7/200/-/250,A/B/C/D,4/5/5/5.5,
01/21/2023,Saturday,2.1,Physics,E12-09-016 **,8.4/45/p/250,Run Group C/FT_OFF,10.5/200/p/250,E12-06-105,10.5/60/-/250,E12-12-002,11.7/200/-/250,A/B/C/D,4/5/5/5.5,
01/22/2023,Sunday,2.1,Physics,E12-09-016 **,8.4/45/p/250,Run Group C/FT_OFF,10.5/200/p/250,E12-06-105,10.5/60/-/250,E12-12-002,11.7/200/-/250,A/B/C/D,4/5/5/5.5,
01/23/2023,Monday,2.1,Physics,E12-09-016 **,8.4/45/p/250,Run Group C/FT_OFF,10.5/200/p/250,E12-06-105,10.5/60/-/250,E12-12-002,11.7/200/-/250,B/C/D/A,4/5/5/5.5,
01/24/2023,Tuesday,2.1,Physics,E12-09-016 **,8.4/45/p/250,Run Group C/FT_OFF,10.5/200/p/250,E12-06-105,10.5/60/-/250,E12-12-002,11.7/200/-/250,B/C/D/A,4/5/5/5.5,
01/25/2023,Wednesday,2.1,Physics,E12-09-016 **,8.4/45/p/250,Run Group C/FT_OFF,10.5/200/p/250,E12-06-105,10.5/60/-/250,E12-12-002,11.7/200/-/250,B/C/D/A,4/5/5/5.5,
01/26/2023,Thursday,2.1,Physics,E12-09-016 **,8.4/45/p/250,Run Group C/FT_OFF,10.5/200/p/250,E12-06-105,10.5/60/-/250,E12-12-002,11.7/200/-/250,B/C/D/A,4/5/5/5.5,
01/27/2023,Friday,2.1,Physics,E12-09-016 **,8.4/45/p/250,Run Group C/FT_OFF,10.5/200/p/250,E12-06-105,10.5/60/-/250,E12-12-002,11.7/200/-/250,B/C/D/A,4/5/5/5.5,
01/28/2023,Saturday,2.1,Physics,E12-09-016 **,8.4/45/p/250,Run Group C/FT_OFF,10.5/200/p/250,E12-06-105,10.5/60/-/250,E12-12-002,11.7/200/-/250,B/C/D/A,4/5/5/5.5,
01/29/2023,Sunday,2.1,Physics,E12-09-016 **,8.4/45/p/250,Run Group C/FT_OFF,10.5/200/p/250,E12-06-105,10.5/60/-/250,E12-12-002,11.7/200/-/250,B/C/D/A,4/5/5/5.5,
01/30/2023,Monday,2.1,Physics,E12-09-016 **,8.4/45/p/250,Run Group C/FT_OFF,10.5/200/p/250,E12-06-105,10.5/60/-/250,E12-12-002,11.7/200/-/250,C/D/A/B,4/5/5/5.5,
01/31/2023,Tuesday,2.1,Physics,E12-09-016 **,8.4/45/p/250,Run Group C/FT_OFF,10.5/200/p/250,E12-06-105,10.5/60/-/250,E12-12-002,11.7/200/-/250,C/D/A/B,4/5/5/5.5,
02/01/2023,Wednesday,2.1,Physics,E12-09-016 **,8.4/45/p/250,Run Group C/FT_OFF,10.5/200/p/250,E12-06-105,10.5/60/-/250,E12-12-002,11.7/200/-/250,C/D/A/B,4/5/5/5.5,
02/02/2023,Thursday,2.1,Physics,E12-09-016 **,8.4/45/p/250,Run Group C/FT_OFF,10.5/200/p/250,E12-06-105,10.5/60/-/250,E12-12-002,11.7/200/-/250,C/D/A/B,4/5/5/5.5,
02/03/2023,Friday,2.1,Physics,E12-09-016 **,8.4/45/p/250,Run Group C/FT_OFF,10.5/200/p/250,E12-06-105,10.5/60/-/250,E12-12-002,11.7/200/-/250,C/D/A/B,4/5/5/5.5,
02/04/2023,Saturday,2.1,Physics,E12-09-016 **,8.4/45/p/250,Run Group C/FT_OFF,10.5/200/p/250,E12-06-105,10.5/60/-/250,E12-12-002,11.7/200/-/250,C/D/A/B,4/5/5/5.5,
02/05/2023,Sunday,2.1,Physics,E12-09-016 **,8.4/45/p/250,Run Group C/FT_OFF,10.5/200/p/250,E12-06-105,10.5/60/-/250,E12-12-002,11.7/200/-/250,C/D/A/B,4/5/5/5.5,
02/06/2023,Monday,2.1,Physics,E12-09-016 **,8.4/45/p/250,Run Group C/FT_OFF,10.5/200/p/250,E12-06-105,10.5/60/-/250,E12-12-002,11.7/200/-/250,D/A/B/C,4/5/5/5.5,
02/07/2023,Tuesday,2.1,Physics,E12-09-016 **,8.4/45/p/250,Run Group C/FT_OFF,10.5/200/p/250,E12-06-105,10.5/60/-/250,E12-12-002,11.7/200/-/250,D/A/B/C,4/5/5/5.5,
02/08/2023,Wednesday,2.1,Physics,E12-09-016 **,8.4/45/p/250,Run Group C/FT_OFF,10.5/200/p/250,E12-06-105,10.5/60/-/250,E12-12-002,11.7/200/-/250,D/A/B/C,4/5/5/5.5,
02/09/2023,Thursday,2.1,Physics,E12-09-016 **,8.4/45/p/250,Run Group C/FT_OFF,10.5/200/p/250,E12-06-105,10.5/60/-/250,E12-12-002,11.7/200/-/250,D/A/B/C,4/5/5/5.5,
02/10/2023,Friday,2.1,Physics,E12-09-016 **,8.4/45/p/250,Run Group C/FT_OFF,10.5/200/p/250,E12-06-105,10.5/60/-/250,E12-12-002,11.7/200/-/250,D/A/B/C,4/5/5/5.5,
02/11/2023,Saturday,2.1,Physics,E12-09-016 **,8.4/45/p/250,Run Group C/FT_OFF,10.5/200/p/250,E12-06-105,10.5/60/-/250,E12-12-002,11.7/200/-/250,D/A/B/C,4/5/5/5.5,
02/12/2023,Sunday,2.1,Physics,E12-09-016 **,8.4/45/p/250,Run Group C/FT_OFF,10.5/200/p/250,E12-06-105,10.5/60/-/250,E12-12-002,11.7/200/-/250,D/A/B/C,4/5/5/5.5,
02/13/2023,Monday,2.1,Physics,E12-09-016 **,8.4/45/p/250,Run Group C/FT_OFF,10.5/200/p/250,E12-06-105,10.5/60/-/250,E12-12-002,11.7/200/-/250,A/B/C/D,4/5/5/5.5,
02/14/2023,Tuesday,2.1,Physics,E12-09-016 **,8.4/45/p/250,Run Group C/FT_OFF,10.5/200/p/250,E12-06-105,10.5/60/-/250,E12-12-002,11.7/200/-/250,A/B/C/D,4/5/5/5.5,
02/15/2023,Wednesday,2.1,Physics,E12-09-016 **,8.4/45/p/250,Run Group C/FT_OFF,10.5/200/p/250,E12-06-105,10.5/60/-/250,E12-12-002,11.7/200/-/250,A/B/C/D,4/5/5/5.5,
02/16/2023,Thursday,2.1,Physics,E12-09-016 **,8.4/45/p/250,Run Group C/FT_OFF,10.5/200/p/250,E12-06-105,10.5/60/-/250,E12-12-002,11.7/200/-/250,A/B/C/D,4/5/5/5.5,
02/17/2023,Friday,2.1,Physics,E12-09-016 **,8.4/45/p/250,Run Group C/FT_OFF,10.5/200/p/250,Target Reconfiguration,,E12-12-002,11.7/200/-/250,A/B/C/D,4/5/-/5.5,
02/18/2023,Saturday,2.1,Physics,E12-09-016 **,8.4/45/p/250,Run Group C/FT_OFF,10.5/200/p/250,Target Reconfiguration,,E12-12-002,11.7/200/-/250,A/B/C/D,4/5/-/5.5,
02/19/2023,Sunday,2.1,Physics,E12-09-016 **,8.4/45/p/250,Run Group C/FT_OFF,10.5/200/p/250,E12-10-003,10.5/80/-/250,E12-12-002,11.7/200/-/250,A/B/C/D,4/5/5/5.5,
02/20/2023,Monday,2.1,Physics,E12-09-016 **,8.4/45/p/250,Run Group C/FT_OFF,10.5/200/p/250,E12-10-003,10.5/80/-/250,E12-12-002,11.7/200/-/250,B/C/D/A,4/5/5/5.5,
02/21/2023,Tuesday,2.1,Physics,E12-09-016 **,8.4/45/p/250,Run Group C/FT_OFF,10.5/200/p/250,E12-10-003,10.5/80/-/250,E12-12-002,11.7/200/-/250,B/C/D/A,4/5/5/5.5,E12-21-005 ERR Scheduled for May 18th
02/22/2023,Wednesday,2.1,Physics,E12-09-016 **,8.4/45/p/250,Run Group C/FT_OFF,10.5/200/p/250,E12-10-003,10.5/80/-/250,E12-12-002,11.7/200/-/250,B/C/D/A,4/5/5/5.5,
02/23/2023,Thursday,2.1,Physics,E12-09-016 **,8.4/45/p/250,Run Group C/FT_OFF,10.5/200/p/250,E12-10-003,10.5/80/-/250,E12-12-002,11.7/200/-/250,B/C/D/A,4/5/5/5.5,
02/24/2023,Friday,2.1,Physics,E12-09-016 **,8.4/45/p/250,Run Group C/FT_OFF,10.5/200/p/250,E12-10-003,10.5/80/-/250,E12-12-002,11.7/200/-/250,B/C/D/A,4/5/5/5.5,
02/25/2023,Saturday,2.1,Physics,E12-09-016 **,8.4/45/p/250,Run Group C/FT_OFF,10.5/200/p/250,E12-10-003,10.5/80/-/250,E12-12-002,11.7/200/-/250,B/C/D/A,4/5/5/5.5,
02/26/2023,Sunday,2.1,Physics,E12-09-016 **,8.4/45/p/250,Run Group C/FT_OFF,10.5/200/p/250,E12-10-003,10.5/80/-/250,E12-12-002,11.7/200/-/250,B/C/D/A,4/5/5/5.5,
02/27/2023,Monday,2.1,Physics,E12-09-016 **,8.4/45/p/250,Run Group C/FT_OFF,10.5/200/p/250,E12-10-003,10.5/80/-/250,E12-12-002,11.7/200/-/250,C/D/A/B,4/5/5/5.5,
02/28/2023,Tuesday,2.1,Physics,E12-09-016 **,8.4/45/p/250,Run Group C/FT_OFF,10.5/200/p/250,E12-10-003,10.5/80/-/250,E12-12-002,11.7/200/-/250,C/D/A/B,4/5/5/5.5,
03/01/2023,Wednesday,2.1,Physics,E12-09-016 **,8.4/45/p/250,Run Group C/FT_OFF,10.5/200/p/250,E12-10-003,10.5/80/-/250,E12-12-002,11.7/200/-/250,C/D/A/B,4/5/5/5.5,
03/02/2023,Thursday,2.1,Physics,E12-09-016 **,8.4/45/p/250,Run Group C/FT_OFF,10.5/200/p/250,E12-10-003,10.5/80/-/250,E12-12-002,11.7/200/-/250,C/D/A/B,4/5/5/5.5,
03/03/2023,Friday,2.1,Physics,E12-09-016 **,8.4/45/p/250,Run Group C/FT_OFF,10.5/200/p/250,E12-10-003,10.5/80/-/250,E12-12-002,11.7/200/-/250,C/D/A/B,4/5/5/5.5,
03/04/2023,Saturday,2.1,Physics,E12-09-016 **,8.4/45/p/250,Run Group C/FT_OFF,10.5/200/p/250,E12-10-003,10.5/80/-/250,E12-12-002,11.7/200/-/250,C/D/A/B,4/5/5/5.5,
03/05/2023,Sunday,2.1,Physics,E12-09-016 **,8.4/45/p/250,Run Group C/FT_OFF,10.5/200/p/250,E12-10-003,10.5/80/-/250,E12-12-002,11.7/200/-/250,C/D/A/B,4/5/5/5.5,
03/06/2023,Monday,2.1,Physics,E12-09-016 **,8.4/45/p/250,Run Group C/FT_OFF,10.5/200/p/250,E12-10-003,10.5/80/-/250,E12-12-002,11.7/200/-/250,D/A/B/C,4/5/5/5.5,
03/07/2023,Tuesday,2.1,Physics,E12-09-016 **,8.4/45/p/250,Run Group C/FT_OFF,10.5/200/p/250,E12-10-003,10.5/80/-/250,E12-12-002,11.7/200/-/250,D/A/B/C,4/5/5/5.5,
03/08/2023,Wednesday,2.1,Physics,E12-09-016 **,8.4/45/p/250,Run Group C/FT_OFF,10.5/200/p/250,E12-10-003,10.5/80/-/250,E12-12-002,11.7/200/-/250,D/A/B/C,4/5/5/5.5,
03/09/2023,Thursday,2.1,Physics,E12-09-016 **,8.4/45/p/250,Run Group C/FT_OFF,10.5/200/p/250,E12-10-003,10.5/80/-/250,E12-12-002,11.7/200/-/250,D/A/B/C,4/5/5/5.5,
03/10/2023,Friday,2.1,Physics,E12-09-016 **,8.4/45/p/250,Run Group C/FT_OFF,10.5/200/p/250,E12-10-003,10.5/80/-/250,E12-12-002,11.7/200/-/250,D/A/B/C,4/5/5/5.5,
03/11/2023,Saturday,2.1,Physics,E12-09-016 **,8.4/45/p/250,Run Group C/FT_OFF,10.5/200/p/250,E12-10-003,10.5/80/-/250,E12-12-002,11.7/200/-/250,D/A/B/C,4/5/5/5.5,
03/12/2023,Sunday,2.1,Physics,E12-09-016 **,8.4/45/p/250,Run Group C/FT_OFF,10.5/200/p/250,E12-10-003,10.5/80/-/250,E12-12-002,11.7/200/-/250,D/A/B/C,4/5/5/5.5,
03/13/2023,Monday,2.1,Physics,TBD,,Run Group C/FT_OFF,10.5/200/p/250,E12-10-003,10.5/80/-/250,E12-12-002,11.7/200/-/250,B/C/D,-/5/5/5.5,
03/14/2023,Tuesday,2.1,Physics,TBD,,Run Group C/FT_OFF,10.5/200/p/250,E12-10-003,10.5/80/-/250,E12-12-002,11.7/200/-/250,B/C/D,-/5/5/5.5,
03/15/2023,Wednesday,2.1,Physics,TBD,,Run Group C/FT_OFF,10.5/200/p/250,E12-10-003,10.5/80/-/250,E12-12-002,11.7/200/-/250,B/C/D,-/5/5/5.5,
03/16/2023,Thursday,2.1,Physics,TBD,,Run Group C/FT_OFF,10.5/200/p/250,E12-10-003,10.5/80/-/250,E12-12-002,11.7/200/-/250,B/C/D,-/5/5/5.5,
03/17/2023,Friday,2.1,Physics,TBD,,Run Group C/FT_OFF,10.5/200/p/250,E12-10-003,10.5/80/-/250,E12-12-002,11.7/200/-/250,B/C/D,-/5/5/5.5,
03/18/2023,Saturday,2.1,Physics,TBD,,Run Group C/FT_OFF,10.5/200/p/250,E12-10-003,10.5/80/-/250,E12-12-002,11.7/200/-/250,B/C/D,-/5/5/5.5,
03/19/2023,Sunday,2.1,Physics,TBD,,Run Group C/FT_OFF,10.5/200/p/250,E12-10-003,10.5/80/-/250,E12-12-002,11.7/200/-/250,B/C/D,-/5/5/5.5,
,,,,,,,,,,,,,,
,,,,,,SPRING SCHEDULED ACCELERATOR DOWN,,,,,,,,
,,,,,,,,,,,,,,
03/20/2023,Monday,Beam Off At 7am,,,,,,,,,,,,
07/10/2023,Monday,2.1,Restore,,,,,,,,,,,
07/11/2023,Tuesday,2.1,Restore,,,,,,,,,,,
07/12/2023,Wednesday,2.1,Restore,,,,,,,,,,,
07/13/2023,Thursday,2.1,Restore,,,,,,,,,,,
07/14/2023,Friday,2.1,Restore,,,,,,,,,,,
07/15/2023,Saturday,2.1,Restore,,,,,,,,,,,
07/16/2023,Sunday,2.1,Restore,,,,,,,,,,,
07/17/2023,Monday,2.1,Physics,E12-17-004,4.3/40/p/500,Run Group D,10.5/200/p/500,NPS GROUP,6.3/30/p/500,Install,,A/B/C,2/5/3/-,"NPS = E12-13-010, E12-13-007 & E12-06-114"
07/18/2023,Tuesday,2.1,Physics,E12-17-004,4.3/40/p/500,Run Group D,10.5/200/p/500,NPS GROUP,6.3/30/p/500,Install,,A/B/C,2/5/3/-,Run group E needs to complete ERR
07/19/2023,Wednesday,2.1,Physics,E12-17-004,4.3/40/p/500,Run Group D,10.5/200/p/500,NPS GROUP,6.3/30/p/500,Install,,A/B/C,2/5/3/-,
07/20/2023,Thursday,2.1,Physics,E12-17-004,4.3/40/p/500,Run Group D,10.5/200/p/500,NPS GROUP,6.3/30/p/500,Install,,A/B/C,2/5/3/-,
07/21/2023,Friday,2.1,Physics,E12-17-004,4.3/40/p/500,Run Group D,10.5/200/p/500,NPS GROUP,6.3/30/p/500,Install,,A/B/C,2/5/3/-,
07/22/2023,Saturday,2.1,Physics,E12-17-004,4.3/40/p/500,Run Group D,10.5/200/p/500,NPS GROUP,6.3/30/p/500,Install,,A/B/C,2/5/3/-,
07/23/2023,Sunday,2.1,Physics,E12-17-004,4.3/40/p/500,Run Group D,10.5/200/p/500,NPS GROUP,6.3/30/p/500,Install,,A/B/C,2/5/3/-,
07/24/2023,Monday,2.1,Physics,E12-17-004,4.3/40/p/500,Run Group D,10.5/200/p/500,NPS GROUP,6.3/30/p/500,Install,,B/C/A,2/5/3/-,
07/25/2023,Tuesday,2.1,Physics,E12-17-004,4.3/40/p/500,Run Group D,10.5/200/p/500,NPS GROUP,6.3/30/p/500,Install,,B/C/A,2/5/3/-,
07/26/2023,Wednesday,2.1,Physics,E12-17-004,4.3/40/p/500,Run Group D,10.5/200/p/500,NPS GROUP,6.3/30/p/500,Install,,B/C/A,2/5/3/-,
07/27/2023,Thursday,2.1,Physics,E12-17-004,4.3/40/p/500,Run Group D,10.5/200/p/500,NPS GROUP,6.3/30/p/500,Install,,B/C/A,2/5/3/-,
07/28/2023,Friday,2.1,Physics,E12-17-004,4.3/40/p/500,Run Group D,10.5/200/p/500,NPS GROUP,6.3/30/p/500,Install,,B/C/A,2/5/3/-,
07/29/2023,Saturday,2.1,Physics,E12-17-004,4.3/40/p/500,Run Group D,10.5/200/p/500,NPS GROUP,6.3/30/p/500,Install,,B/C/A,2/5/3/-,
07/30/2023,Sunday,2.1,Physics,E12-17-004,4.3/40/p/500,Run Group D,10.5/200/p/500,NPS GROUP,6.3/30/p/500,Install,,B/C/A,2/5/3/-,
07/31/2023,Monday,2.1,Physics,E12-17-004,4.3/40/p/500,Run Group D,10.5/200/p/500,NPS GROUP,6.3/30/p/500,Install,,C/A/B,2/5/3/-,
08/01/2023,Tuesday,2.1,Physics,E12-17-004,4.3/40/p/500,Run Group D,10.5/200/p/500,NPS GROUP,6.3/30/p/500,Install,,C/A/B,2/5/3/-,
08/02/2023,Wednesday,2.1,Physics,E12-17-004,4.3/40/p/500,Run Group D,10.5/200/p/500,NPS GROUP,6.3/30/p/500,Install,,C/A/B,2/5/3/-,
08/03/2023,Thursday,2.1,Physics,E12-17-004,4.3/40/p/500,Run Group D,10.5/200/p/500,Pass Change,,Install,,C/A/B,2/5/5/-,
08/04/2023,Friday,2.1,Physics,E12-17-004,4.3/40/p/500,Run Group D,10.5/200/p/500,NPS GROUP,10.5/30/p/500,Install,,C/A/B,2/5/5/-,
08/05/2023,Saturday,2.1,Physics,E12-17-004,4.3/40/p/500,Run Group D,10.5/200/p/500,NPS GROUP,10.5/30/p/500,Install,,C/A/B,2/5/5/-,
08/06/2023,Sunday,2.1,Physics,E12-17-004,4.3/40/p/500,Run Group D,10.5/200/p/500,NPS GROUP,10.5/30/p/500,Install,,C/A/B,2/5/5/-,
08/07/2023,Monday,2.1,Physics,Reconfigure,,Run Group D,10.5/200/p/500,NPS GROUP,10.5/30/p/500,Install,,A/B/C,2/5/5/-,
08/08/2023,Tuesday,2.1,Physics,Reconfigure,,Run Group D,10.5/200/p/500,NPS GROUP,10.5/30/p/500,Install,,A/B/C,2/5/5/-,
08/09/2023,Wednesday,2.1,Physics,Commission,4.3/40/p/500,Run Group D,10.5/200/p/500,NPS GROUP,10.5/30/p/500,Install,,A/B/C,2/5/5/-,
08/10/2023,Thursday,2.1,Physics,Pass Change,,Run Group D,10.5/200/p/500,NPS GROUP,10.5/30/p/500,Install,,A/B/C,3/4/5/-,
08/11/2023,Friday,2.1,Physics,E12-20-008,6.4/10/p/500,Run Group D,10.5/200/p/500,NPS GROUP,10.5/30/p/500,Install,,A/B/C,3/4/5/-,
08/12/2023,Saturday,2.1,Physics,E12-20-008,6.4/10/p/500,Run Group D,10.5/200/p/500,NPS GROUP,10.5/30/p/500,Install,,A/B/C,3/4/5/-,
08/13/2023,Sunday,2.1,Physics,E12-20-008,6.4/10/p/500,Run Group D,10.5/200/p/500,NPS GROUP,10.5/30/p/500,Install,,A/B/C,3/4/5/-,
08/14/2023,Monday,2.1,Physics,E12-20-008,6.4/10/p/500,Run Group D,10.5/200/p/500,NPS GROUP,10.5/30/p/500,Install,,B/C,-/4/5/-,
08/15/2023,Tuesday,2.1,Physics,Installation,,Run Group D,10.5/200/p/500,NPS GROUP,10.5/30/p/500,Install,,B/C,-/4/5/-,
08/16/2023,Wednesday,2.1,Physics,Installation,,Run Group D,10.5/200/p/500,NPS GROUP,10.5/30/p/500,Install,,B/C,-/4/5/-,
08/17/2023,Thursday,2.1,Physics,Installation,,Run Group D,10.5/200/p/500,NPS GROUP,10.5/30/p/500,Install,,B/C,-/4/5/-,
08/18/2023,Friday,2.1,Physics,Installation,,Run Group D,10.5/200/p/500,NPS GROUP,10.5/30/p/500,Install,,B/C,-/4/5/-,
08/19/2023,Saturday,2.1,Physics,Installation,,Run Group D,10.5/200/p/500,NPS GROUP,10.5/30/p/500,Install,,B/C,-/4/5/-,
08/20/2023,Sunday,2.1,Physics,Installation,,Run Group D,10.5/200/p/500,NPS GROUP,10.5/30/p/500,Install,,B/C,-/4/5/-,
08/21/2023,Monday,2.1,Physics,Installation,,Run Group D,10.5/200/p/500,NPS GROUP,10.5/30/p/500,Install,,C/B,-/4/5/-,
08/22/2023,Tuesday,2.1,Physics,Installation,,Run Group D,10.5/200/p/500,NPS GROUP,10.5/30/p/500,Install,,C/B,-/4/5/-,
08/23/2023,Wednesday,2.1,Physics,Installation,,Run Group D,10.5/200/p/500,NPS GROUP,10.5/30/p/500,Install,,C/B,-/4/5/-,
08/24/2023,Thursday,2.1,Physics,Installation,,Run Group D,10.5/200/p/500,NPS GROUP,10.5/30/p/500,Install,,C/B,-/4/5/-,
08/25/2023,Friday,2.1,Physics,Installation,,Run Group D,10.5/200/p/500,NPS GROUP,10.5/30/p/500,Install,,C/B,-/4/5/-,
08/26/2023,Saturday,2.1,Physics,Installation,,Run Group D,10.5/200/p/500,NPS GROUP,10.5/30/p/500,Install,,C/B,-/4/5/-,
08/27/2023,Sunday,2.1,Physics,Installation,,Run Group D,10.5/200/p/500,NPS GROUP,10.5/30/p/500,Install,,C/B,-/4/5/-,
08/28/2023,Monday,2.1,Physics,Installation,,Run Group D,10.5/200/p/500,NPS GROUP,10.5/30/p/500,Install,,B/C,-/4/5/-,
08/29/2023,Tuesday,2.1,Physics,Installation,,Run Group D,10.5/200/p/500,NPS GROUP,10.5/30/p/500,Install,,B/C,-/4/5/-,
08/30/2023,Wednesday,2.1,Physics,Installation,,Run Group D,10.5/200/p/500,NPS GROUP,10.5/30/p/500,Install,,B/C,-/4/5/-,
08/31/2023,Thursday,2.1,Physics,Installation,,Run Group D,10.5/200/p/500,NPS GROUP,10.5/30/p/500,Install,,B/C,-/4/5/-,
09/01/2023,Friday,2.1,Physics,Installation,,Run Group D,10.5/200/p/500,NPS GROUP,10.5/30/p/500,Install,,B/C,-/4/5/-,
09/02/2023,Saturday,2.1,Physics,Installation,,Run Group D,10.5/200/p/500,NPS GROUP,10.5/30/p/500,Install,,B/C,-/4/5/-,
09/03/2023,Sunday,2.1,Physics,Installation,,Run Group D,10.5/200/p/500,NPS GROUP,10.5/30/p/500,Install,,B/C,-/4/5/-,
09/04/2023,Monday,2.1,Physics,Installation,,Run Group D,10.5/200/p/500,NPS GROUP,10.5/30/p/500,Install,,C/B,-/4/5/-,
09/05/2023,Tuesday,2.1,Physics,Installation,,Run Group D,10.5/200/p/500,NPS GROUP,10.5/30/p/500,Install,,C/B,-/4/5/-,
09/06/2023,Wednesday,2.1,Physics,Installation,,Run Group D,10.5/200/p/500,NPS GROUP,10.5/30/p/500,Install,,C/B,-/4/5/-,
09/07/2023,Thursday,2.1,Physics,Installation,,Run Group D,10.5/200/p/500,NPS GROUP,10.5/30/p/500,Install,,C/B,-/4/5/-,
09/08/2023,Friday,2.1,Physics,Installation,,Run Group D,10.5/200/p/500,NPS GROUP,10.5/30/p/500,Install,,C/B,-/4/5/-,
09/09/2023,Saturday,2.1,Physics,Installation,,Run Group D,10.5/200/p/500,NPS GROUP,10.5/30/p/500,Install,,C/B,-/4/5/-,
09/10/2023,Sunday,2.1,Physics,Installation,,Run Group D,10.5/200/p/500,NPS GROUP,10.5/30/p/500,Install,,C/B,-/4/5/-,
09/11/2023,Monday,2.1,Physics,Installation,,Run Group D,10.5/200/p/501,NPS GROUP,10.5/30/p/500,Install,,B/C,-/4/5/-,
09/12/2023,Tuesday,2.1,Physics,Installation,,Run Group D,10.5/200/p/502,NPS GROUP,10.5/30/p/500,Install,,B/C,-/4/5/-,
09/13/2023,Wednesday,2.1,Physics,Installation,,Run Group D,10.5/200/p/503,NPS GROUP,10.5/30/p/500,Install,,B/C,-/4/5/-,
09/14/2023,Thursday,2.1,Physics,Installation,,Run Group D,10.5/200/p/504,NPS GROUP,10.5/30/p/500,Install,,B/C,-/4/5/-,
09/15/2023,Friday,2.1,Physics,Installation,,Run Group D,10.5/200/p/505,NPS GROUP,10.5/30/p/500,Install,,B/C,-/4/5/-,
09/16/2023,Saturday,2.1,Physics,Installation,,Run Group D,10.5/200/p/506,NPS GROUP,10.5/30/p/500,Install,,B/C,-/4/5/-,
09/17/2023,Sunday,2.1,Physics,Installation,,Run Group D,10.5/200/p/507,NPS GROUP,10.5/30/p/500,Install,,B/C,-/4/5/-,
09/18/2023,Monday,2.1,Physics,Installation,,Reconfigure,,NPS GROUP,10.5/30/p/500,Install,,C/B,-/4/5/-,
09/19/2023,Tuesday,2.1,Physics,Installation,,Reconfigure,,NPS GROUP,10.5/30/p/500,Install,,C/B,-/4/5/-,
09/20/2023,Wednesday,2.1,Physics,Installation,,Reconfigure,,NPS GROUP,10.5/30/p/500,Install,,C/B,-/4/5/-,
09/21/2023,Thursday,2.1,Physics,Installation,,Reconfigure,,NPS GROUP,10.5/30/p/500,Install,,C/B,-/4/5/-,
09/22/2023,Friday,2.1,Physics,Installation,,Pass change,,NPS GROUP,10.5/30/p/500,Install,,C/B,-/4/5/-,
09/23/2023,Saturday,2.1,Physics,Installation,,Run Group K,8.4/200/p/500,NPS GROUP,10.5/30/p/500,Install,,C/B,-/4/5/-,
09/24/2023,Sunday,2.1,Physics,Installation,,Run Group K,8.4/200/p/500,NPS GROUP,10.5/30/p/500,Install,,C/B,-/4/5/-,
09/25/2023,Monday,2.1,Physics,Installation,,Run Group K,8.4/200/p/500,NPS GROUP,10.5/30/p/500,Install,,B/C,-/4/5/-,
09/26/2023,Tuesday,2.1,Physics,Installation,,Run Group K,8.4/200/p/500,NPS GROUP,10.5/30/p/500,Install,,B/C,-/4/5/-,
09/27/2023,Wednesday,2.1,Physics,Installation,,Run Group K,8.4/200/p/500,NPS GROUP,10.5/30/p/500,Install,,B/C,-/4/5/-,
09/28/2023,Thursday,2.1,Physics,Installation,,Run Group K,8.4/200/p/500,NPS GROUP,10.5/30/p/500,Install,,B/C,-/4/5/-,
09/29/2023,Friday,2.1,Physics,Installation,,Run Group K,8.4/200/p/500,NPS GROUP,10.5/30/p/500,Install,,B/C,-/4/5/-,
09/30/2023,Saturday,2.1,Physics,Installation,,Run Group K,8.4/200/p/500,NPS GROUP,10.5/30/p/500,Install,,B/C,-/4/5/-,
10/01/2023,Sunday,2.1,Physics,Installation,,Run Group K,8.4/200/p/500,NPS GROUP,10.5/30/p/500,Install,,B/C,-/4/5/-,Start of new Fiscal Year (FY24)
10/02/2023,Monday,2.1,Physics,Installation,,Run Group K,8.4/200/p/500,NPS GROUP,10.5/30/p/500,Install,,C/B,-/4/5/-,
10/03/2023,Tuesday,2.1,Physics,Installation,,Run Group K,8.4/200/p/500,NPS GROUP,10.5/30/p/500,Install,,C/B,-/4/5/-,
10/04/2023,Wednesday,2.1,Physics,Installation,,Run Group K,8.4/200/p/500,NPS GROUP,10.5/30/p/500,Install,,C/B,-/4/5/-,
10/05/2023,Thursday,2.1,Physics,Installation,,Run Group K,8.4/200/p/500,NPS GROUP,10.5/30/p/500,Install,,C/B,-/4/5/-,
10/06/2023,Friday,2.1,Physics,Installation,,Run Group K,8.4/200/p/500,NPS GROUP,10.5/30/p/500,Install,,C/B,-/4/5/-,
10/07/2023,Saturday,2.1,Physics,Installation,,Run Group K,8.4/200/p/500,NPS GROUP,10.5/30/p/500,Install,,C/B,-/4/5/-,
10/08/2023,Sunday,2.1,Physics,Installation,,Run Group K,8.4/200/p/500,NPS GROUP,10.5/30/p/500,Install,,C/B,-/4/5/-,
10/09/2023,Monday,2.1,Physics,Installation,,Run Group K,8.4/200/p/500,NPS GROUP,10.5/30/p/500,Install,,B/C,-/4/5/-,
10/10/2023,Tuesday,2.1,Physics,Installation,,Run Group K,8.4/200/p/500,NPS GROUP,10.5/30/p/500,Install,,B/C,-/4/5/-,
10/11/2023,Wednesday,2.1,Physics,Installation,,Run Group K,8.4/200/p/500,NPS GROUP,10.5/30/p/500,Install,,B/C,-/4/5/-,
10/12/2023,Thursday,2.1,Physics,Installation,,Run Group K,8.4/200/p/500,NPS GROUP,10.5/30/p/500,Install,,B/C,-/4/5/-,
10/13/2023,Friday,2.1,Physics,Installation,,Run Group K,8.4/200/p/500,NPS GROUP,10.5/30/p/500,Install,,B/C,-/4/5/-,
10/14/2023,Saturday,2.1,Physics,Installation,,Run Group K,8.4/200/p/500,NPS GROUP,10.5/30/p/500,Install,,B/C,-/4/5/-,
10/15/2023,Sunday,2.1,Physics,Installation,,Run Group K,8.4/200/p/500,NPS GROUP,10.5/30/p/500,Install,,B/C,-/4/5/-,
10/16/2023,Monday,2.1,Physics,Installation,,Run Group K,8.4/200/p/500,NPS GROUP,10.5/30/p/500,Install,,C/B,-/4/5/-,
10/17/2023,Tuesday,2.1,Physics,Installation,,Run Group K,8.4/200/p/500,NPS GROUP,10.5/30/p/500,Install,,C/B,-/4/5/-,
10/18/2023,Wednesday,2.1,Physics,Installation,,Run Group K,8.4/200/p/500,NPS GROUP,10.5/30/p/500,Install,,C/B,-/4/5/-,
10/19/2023,Thursday,2.1,Physics,Installation,,Run Group K,8.4/200/p/500,NPS GROUP,10.5/30/p/500,Install,,C/B,-/4/5/-,
10/20/2023,Friday,2.1,Physics,Installation,,Run Group K,8.4/200/p/500,NPS GROUP,10.5/30/p/500,Install,,C/B,-/4/5/-,
10/21/2023,Saturday,2.1,Physics,Installation,,Run Group K,8.4/200/p/500,NPS GROUP,10.5/30/p/500,Install,,C/B,-/4/5/-,
10/22/2023,Sunday,2.1,Physics,Installation,,Run Group K,8.4/200/p/500,NPS GROUP,10.5/30/p/500,Install,,C/B,-/4/5/-,
10/23/2023,Monday,2.1,Physics,E12-07-109 **,6.4/70/p/500,Run Group K,8.4/200/p/500,NPS GROUP,10.5/30/p/500,Install,,A/B/C,3/4/5/-,GEP-V E12-07-109 needs to schedule its ERR
10/24/2023,Tuesday,2.1,Physics,E12-07-109 **,6.4/70/p/500,Run Group K,8.4/200/p/500,NPS GROUP,10.5/30/p/500,Install,,A/B/C,3/4/5/-,
10/25/2023,Wednesday,2.1,Physics,E12-07-109 **,6.4/70/p/500,Run Group K,8.4/200/p/500,NPS GROUP,10.5/30/p/500,Install,,A/B/C,3/4/5/-,
10/26/2023,Thursday,2.1,Physics,E12-07-109 **,6.4/70/p/500,Run Group K,8.4/200/p/500,NPS GROUP,10.5/30/p/500,Install,,A/B/C,3/4/5/-,
10/27/2023,Friday,2.1,Physics,E12-07-109 **,6.4/70/p/500,Run Group K,8.4/200/p/500,NPS GROUP,10.5/30/p/500,Install,,A/B/C,3/4/5/-,
10/28/2023,Saturday,2.1,Physics,E12-07-109 **,6.4/70/p/500,Run Group K,8.4/200/p/500,NPS GROUP,10.5/30/p/500,Install,,A/B/C,3/4/5/-,
10/29/2023,Sunday,2.1,Physics,E12-07-109 **,6.4/70/p/500,Run Group K,8.4/200/p/500,NPS GROUP,10.5/30/p/500,Install,,A/B/C,3/4/5/-,
10/30/2023,Monday,2.1,Physics,Pass change,,Pass change,,NPS GROUP,10.5/30/p/500,Install,,B/C/A,4/3/5/-,
10/31/2023,Tuesday,2.1,Physics,E12-07-109 **,8/4/70/p/500,Run Group K,6.4/200/p/500,NPS GROUP,10.5/30/p/500,Install,,B/C/A,4/3/5/-,
11/01/2023,Wednesday,2.1,Physics,E12-07-109 **,8/4/70/p/500,Run Group K,6.4/200/p/500,NPS GROUP,10.5/30/p/500,Install,,B/C/A,4/3/5/-,
11/02/2023,Thursday,2.1,Physics,E12-07-109 **,8/4/70/p/500,Run Group K,6.4/200/p/500,NPS GROUP,10.5/30/p/500,Install,,B/C/A,4/3/5/-,
11/03/2023,Friday,2.1,Physics,E12-07-109 **,8/4/70/p/500,Run Group K,6.4/200/p/500,NPS GROUP,10.5/30/p/500,Install,,B/C/A,4/3/5/-,
11/04/2023,Saturday,2.1,Physics,E12-07-109 **,8/4/70/p/500,Run Group K,6.4/200/p/500,NPS GROUP,10.5/30/p/500,Install,,B/C/A,4/3/5/-,
11/05/2023,Sunday,2.1,Physics,E12-07-109 **,8/4/70/p/500,Run Group K,6.4/200/p/500,NPS GROUP,10.5/30/p/500,Install,,B/C/A,4/3/5/-,
11/06/2023,Monday,2.1,Physics,E12-07-109 **,8/4/70/p/500,Run Group K,6.4/200/p/500,NPS GROUP,10.5/30/p/500,Install,,C/A/B,4/3/5/-,
11/07/2023,Tuesday,2.1,Physics,E12-07-109 **,8/4/70/p/500,Run Group K,6.4/200/p/500,NPS GROUP,10.5/30/p/500,Install,,C/A/B,4/3/5/-,
11/08/2023,Wednesday,2.1,Physics,E12-07-109 **,8/4/70/p/500,Run Group K,6.4/200/p/500,NPS GROUP,10.5/30/p/500,Install,,C/A/B,4/3/5/-,
11/09/2023,Thursday,2.1,Physics,E12-07-109 **,8/4/70/p/500,Run Group K,6.4/200/p/500,NPS GROUP,10.5/30/p/500,Install,,C/A/B,4/3/5/-,
11/10/2023,Friday,2.1,Physics,E12-07-109 **,8/4/70/p/500,Run Group K,6.4/200/p/500,NPS GROUP,10.5/30/p/500,Install,,C/A/B,4/3/5/-,
11/11/2023,Saturday,2.1,Physics,E12-07-109 **,8/4/70/p/500,Run Group K,6.4/200/p/500,NPS GROUP,10.5/30/p/500,Install,,C/A/B,4/3/5/-,
11/12/2023,Sunday,2.1,Physics,E12-07-109 **,8/4/70/p/500,Run Group K,6.4/200/p/500,NPS GROUP,10.5/30/p/500,Install,,C/A/B,4/3/5/-,
11/13/2023,Monday,2.1,Physics,E12-07-109 **,8/4/70/p/500,Run Group K,6.4/200/p/500,NPS GROUP,10.5/30/p/500,Install,,A/B/C,4/3/5/-,
11/14/2023,Tuesday,2.1,Physics,E12-07-109 **,8/4/70/p/500,Run Group K,6.4/200/p/500,NPS GROUP,10.5/30/p/500,Install,,A/B/C,4/3/5/-,
11/15/2023,Wednesday,2.1,Physics,E12-07-109 **,8/4/70/p/500,Run Group K,6.4/200/p/500,NPS GROUP,10.5/30/p/500,Install,,A/B/C,4/3/5/-,
11/16/2023,Thursday,2.1,Physics,E12-07-109 **,8/4/70/p/500,Run Group K,6.4/200/p/500,NPS GROUP,10.5/30/p/500,Install,,A/B/C,4/3/5/-,
11/17/2023,Friday,2.1,Physics,E12-07-109 **,8/4/70/p/500,Run Group K,6.4/200/p/500,NPS GROUP,10.5/30/p/500,Install,,A/B/C,4/3/5/-,
11/18/2023,Saturday,2.1,Physics,E12-07-109 **,8/4/70/p/500,Run Group K,6.4/200/p/500,NPS GROUP,10.5/30/p/500,Install,,A/B/C,4/3/5/-,
11/19/2023,Sunday,2.1,Physics,E12-07-109 **,8/4/70/p/500,Run Group K,6.4/200/p/500,NPS GROUP,10.5/30/p/500,Install,,A/B/C,4/3/5/-,
11/20/2023,Monday,2.1,Physics,E12-07-109 **,8/4/70/p/500,Run Group K,6.4/200/p/500,NPS GROUP,10.5/30/p/500,Install,,B/C/A,4/3/5/-,
11/21/2023,Tuesday,2.1,Physics,E12-07-109 **,8/4/70/p/500,Run Group K,6.4/200/p/500,NPS GROUP,10.5/30/p/500,Install,,B/C/A,4/3/5/-,
11/22/2023,Wednesday,2.1,Physics,E12-07-109 **,8/4/70/p/500,Run Group K,6.4/200/p/500,NPS GROUP,10.5/30/p/500,Install,,B/C/A,4/3/5/-,
11/23/2023,Thursday,2.1,Physics,E12-07-109 **,8/4/70/p/500,Run Group K,6.4/200/p/500,NPS GROUP,10.5/30/p/500,Install,,B/C/A,4/3/5/-,
11/24/2023,Friday,2.1,Physics,E12-07-109 **,8/4/70/p/500,Run Group K,6.4/200/p/500,NPS GROUP,10.5/30/p/500,Install,,B/C/A,4/3/5/-,
11/25/2023,Saturday,2.1,Physics,Pass change,,Run Group K,6.4/200/p/500,NPS GROUP,10.5/30/p/500,Install,,B/C/A,4/3/5/-,
11/26/2023,Sunday,2.1,Physics,E12-07-109 **,10.5/70/p/500,Run Group K,6.4/200/p/500,NPS GROUP,10.5/30/p/500,Install,,B/C/A,5/3/5/-,
11/27/2023,Monday,2.1,Physics,E12-07-109 **,10.5/70/p/500,Run Group K,6.4/200/p/500,NPS GROUP,10.5/30/p/500,Install,,C/A/B,5/3/5/-,
11/28/2023,Tuesday,2.1,Physics,E12-07-109 **,10.5/70/p/500,Run Group K,6.4/200/p/500,NPS GROUP,10.5/30/p/500,Install,,C/A/B,5/3/5/-,
11/29/2023,Wednesday,2.1,Physics,E12-07-109 **,10.5/70/p/500,Run Group K,6.4/200/p/500,Pass change,,Install,,C/A/B,5/3/4/-,
11/30/2023,Thursday,2.1,Physics,E12-07-109 **,10.5/70/p/500,Run Group K,6.4/200/p/500,NPS GROUP,8.4/30/p/500,Install,,C/A/B,5/3/4/-,
12/01/2023,Friday,2.1,Physics,E12-07-109 **,10.5/70/p/500,Run Group K,6.4/200/p/500,NPS GROUP,8.4/30/p/500,Install,,C/A/B,5/3/4/-,
12/02/2023,Saturday,2.1,Physics,E12-07-109 **,10.5/70/p/500,Run Group K,6.4/200/p/500,NPS GROUP,8.4/30/p/500,Install,,C/A/B,5/3/4/-,
12/03/2023,Sunday,2.1,Physics,E12-07-109 **,10.5/70/p/500,Run Group K,6.4/200/p/500,NPS GROUP,8.4/30/p/500,Install,,C/A/B,5/3/4/-,
12/04/2023,Monday,2.1,Physics,E12-07-109 **,10.5/70/p/500,Run Group K,6.4/200/p/500,NPS GROUP,8.4/30/p/500,Install,,A/B/C,5/3/4/-,
12/05/2023,Tuesday,2.1,Physics,E12-07-109 **,10.5/70/p/500,Run Group K,6.4/200/p/500,NPS GROUP,8.4/30/p/500,Install,,A/B/C,5/3/4/-,
12/06/2023,Wednesday,2.1,Physics,E12-07-109 **,10.5/70/p/500,Run Group K,6.4/200/p/500,NPS GROUP,8.4/30/p/500,Install,,A/B/C,5/3/4/-,
12/07/2023,Thursday,2.1,Physics,E12-07-109 **,10.5/70/p/500,Run Group K,6.4/200/p/500,NPS GROUP,8.4/30/p/500,Install,,A/B/C,5/3/4/-,
12/08/2023,Friday,2.1,Physics,E12-07-109 **,10.5/70/p/500,Run Group K,6.4/200/p/500,NPS GROUP,8.4/30/p/500,Install,,A/B/C,5/3/4/-,
12/09/2023,Saturday,2.1,Physics,E12-07-109 **,10.5/70/p/500,Run Group K,6.4/200/p/500,NPS GROUP,8.4/30/p/500,Install,,A/B/C,5/3/4/-,
12/10/2023,Sunday,2.1,Physics,E12-07-109 **,10.5/70/p/500,Run Group K,6.4/200/p/500,NPS GROUP,8.4/30/p/500,Install,,A/B/C,5/3/4/-,
12/11/2023,Monday,2.1,Physics,E12-07-109 **,10.5/70/p/500,Run Group K,6.4/200/p/500,NPS GROUP,8.4/30/p/500,Install,,B/C/A,5/3/4/-,
12/12/2023,Tuesday,2.1,Physics,E12-07-109 **,10.5/70/p/500,Run Group K,6.4/200/p/500,NPS GROUP,8.4/30/p/500,Install,,B/C/A,5/3/4/-,
12/13/2023,Wednesday,2.1,Physics,E12-07-109 **,10.5/70/p/500,Run Group K,6.4/200/p/500,NPS GROUP,8.4/30/p/500,Install,,B/C/A,5/3/4/-,
12/14/2023,Thursday,2.1,Physics,E12-07-109 **,10.5/70/p/500,Run Group K,6.4/200/p/500,NPS GROUP,8.4/30/p/500,Install,,B/C/A,5/3/4/-,
12/15/2023,Friday,2.1,Physics,E12-07-109 **,10.5/70/p/500,Run Group K,6.4/200/p/500,NPS GROUP,8.4/30/p/500,Install,,B/C/A,5/3/4/-,
12/16/2023,Saturday,2.1,Physics,E12-07-109 **,10.5/70/p/500,Run Group K,6.4/200/p/500,NPS GROUP,8.4/30/p/500,Install,,B/C/A,5/3/4/-,
12/17/2023,Sunday,2.1,Physics,E12-07-109 **,10.5/70/p/500,Run Group K,6.4/200/p/500,NPS GROUP,8.4/30/p/500,Install,,B/C/A,5/3/4/-,
12/18/2023,Monday,,End Beam at 7am,,47,Reconfigure,,,,Install,,,,
12/19/2023,Tuesday,,,,,Reconfigure,,,,Install,,,,
12/20/2023,Wednesday,,,,,Reconfigure,,,,Install,,,,
12/21/2023,Thursday,,,,,Reconfigure,,,,Install,,,,
12/22/2023,Friday,,Winter Break,,,,,,,,,,,
12/23/2023,Saturday,,Winter Break,,,,,,,,,,,
12/24/2023,Sunday,,Winter Break,,,,,,,,,,,
12/25/2023,Monday,,Winter Break,,,,,,,,,,,
12/26/2023,Tuesday,,Winter Break,,,,,,,,,,,
12/27/2023,Wednesday,,Winter Break,,,,,,,,,,,
12/28/2023,Thursday,,Winter Break,,,,,,,,,,,
12/29/2023,Friday,,Winter Break,,,,,,,,,,,
12/30/2023,Saturday,,Winter Break,,,,,,,,,,,
12/31/2023,Sunday,,Winter Break,,,,,,,,,,,
01/01/2024,Monday,,Winter Break,,,,,,,,,,,
01/02/2024,Tuesday,,,,,Reconfigure,,,,Install,,,,
01/03/2024,Wednesday,,,,,Reconfigure,,,,Install,,,,
01/04/2024,Thursday,,,,,Reconfigure,,,,Install,,,,
01/05/2024,Friday,,,,,Reconfigure,,,,Install,,,,
01/06/2024,Saturday,,,,,Reconfigure,,,,Install,,,,
01/07/2024,Sunday,,,,,Reconfigure,,,,Install,,,,
01/08/2024,Monday,2.1,Restore,,,Reconfigure,,,,Install,,,,
01/09/2024,Tuesday,2.1,Restore,,,Reconfigure,,,,Install,,,,
01/10/2024,Wednesday,2.1,Restore,,,Reconfigure,,,,Install,,,,
01/11/2024,Thursday,2.1,Restore,,,Reconfigure,,,,Install,,,,
01/12/2024,Friday,2.1,Restore,,,Reconfigure,,,,Install,,,,
01/13/2024,Saturday,2.1,Restore,,,Reconfigure,,,,Install,,,,
01/14/2024,Sunday,2.1,Restore,,,Reconfigure,,,,Install,,,,
01/15/2024,Monday,2.1,Physics,E12-07-109 **,10.5/70/p/500,Run Group E **,10.5/200/-/500,NPS GROUP,8.4/30/p/500,Install,,C/A/B,5/5/4/-,** = needs to complete ERR
01/16/2024,Tuesday,2.1,Physics,E12-07-109 **,10.5/70/p/500,Run Group E **,10.5/200/-/500,NPS GROUP,8.4/30/p/500,Install,,C/A/B,5/5/4/-,
01/17/2024,Wednesday,2.1,Physics,E12-07-109 **,10.5/70/p/500,Run Group E **,10.5/200/-/500,NPS GROUP,8.4/30/p/500,Install,,C/A/B,5/5/4/-,
01/18/2024,Thursday,2.1,Physics,E12-07-109 **,10.5/70/p/500,Run Group E **,10.5/200/-/500,NPS GROUP,8.4/30/p/500,Install,,C/A/B,5/5/4/-,
01/19/2024,Friday,2.1,Physics,E12-07-109 **,10.5/70/p/500,Run Group E **,10.5/200/-/500,NPS GROUP,8.4/30/p/500,Install,,C/A/B,5/5/4/-,
01/20/2024,Saturday,2.1,Physics,E12-07-109 **,10.5/70/p/500,Run Group E **,10.5/200/-/500,NPS GROUP,8.4/30/p/500,Install,,C/A/B,5/5/4/-,
01/21/2024,Sunday,2.1,Physics,E12-07-109 **,10.5/70/p/500,Run Group E **,10.5/200/-/500,NPS GROUP,8.4/30/p/500,Install,,C/A/B,5/5/4/-,
01/22/2024,Monday,2.1,Physics,E12-07-109 **,10.5/70/p/500,Run Group E **,10.5/200/-/500,NPS GROUP,8.4/30/p/500,Install,,A/B/C,5/5/4/-,
01/23/2024,Tuesday,2.1,Physics,E12-07-109 **,10.5/70/p/500,Run Group E **,10.5/200/-/500,NPS GROUP,8.4/30/p/500,Install,,A/B/C,5/5/4/-,
01/24/2024,Wednesday,2.1,Physics,E12-07-109 **,10.5/70/p/500,Run Group E **,10.5/200/-/500,NPS GROUP,8.4/30/p/500,Install,,A/B/C,5/5/4/-,
01/25/2024,Thursday,2.1,Physics,E12-07-109 **,10.5/70/p/500,Run Group E **,10.5/200/-/500,NPS GROUP,8.4/30/p/500,Install,,A/B/C,5/5/4/-,
01/26/2024,Friday,2.1,Physics,E12-07-109 **,10.5/70/p/500,Run Group E **,10.5/200/-/500,NPS GROUP,8.4/30/p/500,Install,,A/B/C,5/5/4/-,
01/27/2024,Saturday,2.1,Physics,E12-07-109 **,10.5/70/p/500,Run Group E **,10.5/200/-/500,NPS GROUP,8.4/30/p/500,Install,,A/B/C,5/5/4/-,
01/28/2024,Sunday,2.1,Physics,E12-07-109 **,10.5/70/p/500,Run Group E **,10.5/200/-/500,NPS GROUP,8.4/30/p/500,Install,,A/B/C,5/5/4/-,
01/29/2024,Monday,2.1,Physics,E12-07-109 **,10.5/70/p/500,Run Group E **,10.5/200/-/500,NPS GROUP,8.4/30/p/500,Install,,B/C/A,5/5/4/-,
01/30/2024,Tuesday,2.1,Physics,E12-07-109 **,10.5/70/p/500,Run Group E **,10.5/200/-/500,NPS GROUP,8.4/30/p/500,Install,,B/C/A,5/5/4/-,
01/31/2024,Wednesday,2.1,Physics,E12-07-109 **,10.5/70/p/500,Run Group E **,10.5/200/-/500,NPS GROUP,8.4/30/p/500,Install,,B/C/A,5/5/4/-,
02/01/2024,Thursday,2.1,Physics,E12-07-109 **,10.5/70/p/500,Run Group E **,10.5/200/-/500,NPS GROUP,8.4/30/p/500,Install,,B/C/A,5/5/4/-,
02/02/2024,Friday,2.1,Physics,E12-07-109 **,10.5/70/p/500,Run Group E **,10.5/200/-/500,NPS GROUP,8.4/30/p/500,Install,,B/C/A,5/5/4/-,
02/03/2024,Saturday,2.1,Physics,E12-07-109 **,10.5/70/p/500,Run Group E **,10.5/200/-/500,NPS GROUP,8.4/30/p/500,Install,,B/C/A,5/5/4/-,
02/04/2024,Sunday,2.1,Physics,E12-07-109 **,10.5/70/p/500,Run Group E **,10.5/200/-/500,NPS GROUP,8.4/30/p/500,Install,,B/C/A,5/5/4/-,
02/05/2024,Monday,2.1,Physics,E12-07-109 **,10.5/70/p/500,Run Group E **,10.5/200/-/500,NPS GROUP,8.4/30/p/500,Install,,C/A/B,5/5/4/-,
02/06/2024,Tuesday,2.1,Physics,E12-07-109 **,10.5/70/p/500,Run Group E **,10.5/200/-/500,NPS GROUP,8.4/30/p/500,Install,,C/A/B,5/5/4/-,
02/07/2024,Wednesday,2.1,Physics,E12-07-109 **,10.5/70/p/500,Run Group E **,10.5/200/-/500,NPS GROUP,8.4/30/p/500,Install,,C/A/B,5/5/4/-,
02/08/2024,Thursday,2.1,Physics,E12-07-109 **,10.5/70/p/500,Run Group E **,10.5/200/-/500,NPS GROUP,8.4/30/p/500,Install,,C/A/B,5/5/4/-,
02/09/2024,Friday,2.1,Physics,E12-07-109 **,10.5/70/p/500,Run Group E **,10.5/200/-/500,NPS GROUP,8.4/30/p/500,Install,,C/A/B,5/5/4/-,
02/10/2024,Saturday,2.1,Physics,E12-07-109 **,10.5/70/p/500,Run Group E **,10.5/200/-/500,NPS GROUP,8.4/30/p/500,Install,,C/A/B,5/5/4/-,
02/11/2024,Sunday,2.1,Physics,E12-07-109 **,10.5/70/p/500,Run Group E **,10.5/200/-/500,NPS GROUP,8.4/30/p/500,Install,,C/A/B,5/5/4/-,
02/12/2024,Monday,2.1,Physics,E12-07-109 **,10.5/70/p/500,Run Group E **,10.5/200/-/500,NPS GROUP,8.4/30/p/500,Install,,A/B/C,5/5/4/-,
02/13/2024,Tuesday,2.1,Physics,E12-07-109 **,10.5/70/p/500,Run Group E **,10.5/200/-/500,NPS GROUP,8.4/30/p/500,Install,,A/B/C,5/5/4/-,
02/14/2024,Wednesday,2.1,Physics,E12-07-109 **,10.5/70/p/500,Run Group E **,10.5/200/-/500,NPS GROUP,8.4/30/p/500,Install,,A/B/C,5/5/4/-,
02/15/2024,Thursday,2.1,Physics,E12-07-109 **,10.5/70/p/500,Run Group E **,10.5/200/-/500,NPS GROUP,8.4/30/p/500,Install,,A/B/C,5/5/4/-,
02/16/2024,Friday,2.1,Physics,E12-07-109 **,10.5/70/p/500,Run Group E **,10.5/200/-/500,Reconfigure,,Install,,A/B/C,5/5/4/-,
02/17/2024,Saturday,2.1,Physics,E12-07-109 **,10.5/70/p/500,Run Group E **,10.5/200/-/500,Reconfigure,,Install,,A/B/C,5/5/4/-,
02/18/2024,Sunday,2.1,Physics,E12-07-109 **,10.5/70/p/500,Run Group E **,10.5/200/-/500,Reconfigure,,Install,,A/B/C,5/5/4/-,
02/19/2024,Monday,2.1,Physics,E12-07-109 **,10.5/70/p/500,Run Group E **,10.5/200/-/500,Reconfigure,,Install,,B/C/A,5/5/4/-,
02/20/2024,Tuesday,2.1,Physics,E12-07-109 **,10.5/70/p/500,Run Group E **,10.5/200/-/500,Reconfigure,,Install,,B/C/A,5/5/4/-,
02/21/2024,Wednesday,2.1,Physics,E12-07-109 **,10.5/70/p/500,Run Group E **,10.5/200/-/500,Reconfigure,,Install,,B/C/A,5/5/4/-,
02/22/2024,Thursday,2.1,Physics,E12-07-109 **,10.5/70/p/500,Run Group E **,10.5/200/-/500,Reconfigure,,Install,,B/C/A,5/5/4/-,
02/23/2024,Friday,2.1,Physics,E12-07-109 **,10.5/70/p/500,Run Group E **,10.5/200/-/500,Reconfigure,,Install,,B/C/A,5/5/4/-,
02/24/2024,Saturday,2.1,Physics,E12-07-109 **,10.5/70/p/500,Run Group E **,10.5/200/-/500,Reconfigure,,Install,,B/C/A,5/5/4/-,
02/25/2024,Sunday,2.1,Physics,E12-07-109 **,10.5/70/p/500,Run Group E **,10.5/200/-/500,Reconfigure,,Install,,B/C/A,5/5/4/-,
02/26/2024,Monday,2.1,Physics,E12-07-109 **,10.5/70/p/500,Run Group E **,10.5/200/-/500,E12-14-003 & 005,8.4/30/-/500,Install,,C/A/B,5/5/4/-,
02/27/2024,Tuesday,2.1,Physics,E12-07-109 **,10.5/70/p/500,Run Group E **,10.5/200/-/500,E12-14-003 & 005,8.4/30/-/500,Install,,C/A/B,5/5/4/-,
02/28/2024,Wednesday,2.1,Physics,E12-07-109 **,10.5/70/p/500,Run Group E **,10.5/200/-/500,E12-14-003 & 005,8.4/30/-/500,Install,,C/A/B,5/5/4/-,
02/29/2024,Thursday,2.1,Physics,E12-07-109 **,10.5/70/p/500,Run Group E **,10.5/200/-/500,E12-14-003 & 005,8.4/30/-/500,Install,,C/A/B,5/5/4/-,
03/01/2024,Friday,2.1,Physics,E12-07-109 **,10.5/70/p/500,Run Group E **,10.5/200/-/500,E12-14-003 & 005,8.4/30/-/500,Install,,C/A/B,5/5/4/-,
03/02/2024,Saturday,2.1,Physics,E12-07-109 **,10.5/70/p/500,Run Group E **,10.5/200/-/500,E12-14-003 & 005,8.4/30/-/500,Install,,C/A/B,5/5/4/-,
03/03/2024,Sunday,2.1,Physics,E12-07-109 **,10.5/70/p/500,Run Group E **,10.5/200/-/500,Pass change,,Install,,C/A/B,5/5/5/-,
03/04/2024,Monday,2.1,Physics,E12-07-109 **,10.5/70/p/500,Run Group E **,10.5/200/-/500,E12-14-003 & 005,10.5/30/-/500,Install,,A/B/C,5/5/5/-,
03/05/2024,Tuesday,2.1,Physics,E12-07-109 **,10.5/70/p/500,Run Group E **,10.5/200/-/500,E12-14-003 & 005,10.5/30/-/500,Install,,A/B/C,5/5/5/-,
03/06/2024,Wednesday,2.1,Physics,E12-07-109 **,10.5/70/p/500,Run Group E **,10.5/200/-/500,E12-14-003 & 005,10.5/30/-/500,Install,,A/B/C,5/5/5/-,
03/07/2024,Thursday,2.1,Physics,E12-07-109 **,10.5/70/p/500,Run Group E **,10.5/200/-/500,E12-14-003 & 005,10.5/30/-/500,Install,,A/B/C,5/5/5/-,
03/08/2024,Friday,2.1,Physics,E12-07-109 **,10.5/70/p/500,Run Group E **,10.5/200/-/500,E12-14-003 & 005,10.5/30/-/500,Install,,A/B/C,5/5/5/-,
03/09/2024,Saturday,2.1,Physics,E12-07-109 **,10.5/70/p/500,Run Group E **,10.5/200/-/500,E12-14-003 & 005,10.5/30/-/500,Install,,A/B/C,5/5/5/-,
03/10/2024,Sunday,2.1,Physics,E12-07-109 **,10.5/70/p/500,Run Group E **,10.5/200/-/500,E12-14-003 & 005,10.5/30/-/500,Install,,A/B/C,5/5/5/-,
03/11/2024,Monday,2.1,Physics,E12-07-109 **,10.5/70/p/500,Run Group E **,10.5/200/-/500,E12-14-003 & 005,10.5/30/-/500,Install,,B/C/A,5/5/5/-,
03/12/2024,Tuesday,2.1,Physics,E12-07-109 **,10.5/70/p/500,Run Group E **,10.5/200/-/500,E12-14-003 & 005,10.5/30/-/500,Install,,B/C/A,5/5/5/-,
03/13/2024,Wednesday,2.1,Physics,E12-07-109 **,10.5/70/p/500,Run Group E **,10.5/200/-/500,E12-14-003 & 005,10.5/30/-/500,Install,,B/C/A,5/5/5/-,
03/14/2024,Thursday,2.1,Physics,E12-07-109 **,10.5/70/p/500,Run Group E **,10.5/200/-/500,E12-14-003 & 005,10.5/30/-/500,Install,,B/C/A,5/5/5/-,
03/15/2024,Friday,2.1,Physics,E12-07-109 **,10.5/70/p/500,Run Group E **,10.5/200/-/500,E12-14-003 & 005,10.5/30/-/500,Install,,B/C/A,5/5/5/-,
03/16/2024,Saturday,2.1,Physics,E12-07-109 **,10.5/70/p/500,Run Group E **,10.5/200/-/500,E12-14-003 & 005,10.5/30/-/500,Install,,B/C/A,5/5/5/-,
03/17/2024,Sunday,2.1,Physics,E12-07-109 **,10.5/70/p/500,Run Group E **,10.5/200/-/500,E12-14-003 & 005,10.5/30/-/500,Install,,B/C/A,5/5/5/-,
03/18/2024,Monday,,Beam off at 7am,,,,,,,,,,,
